Colorcode;beeld;aantal
genetic bliss;201935987_1.pdf;150
BAL D'AFRIQUE;201935987_2.pdf;50
ELEVENTH HOUR;201935987_3.pdf;50
LA TULIPE;201935987_4.pdf;100
LA TULIPE;201935987_5.pdf;50
MOJAVE GHOST;201935987_6.pdf;150
SUNDAZED;201935987_7.pdf;150
AVENTUS;201935987_8.pdf;50
AVENTUS COLOGNE;201935987_9.pdf;150
NEROLI SAUVAGE;201935987_10.pdf;100
ORIGINAL SANTAL;201935987_11.pdf;100
EAU DES SENS;201935987_12.pdf;50
ROOMSPRAY AMBRE;201935987_13.pdf;50
ROOMSPRAY BAIES ;201935987_14.pdf;50
ROOMSPRAY CYPRÈS ;201935987_15.pdf;50
ROOMSPRAY FEU DE BOIS;201935987_16.pdf;50
ROOMSPRAY FLEUR D'ORANGER;201935987_17.pdf;50
ROOMSPRAY MIMOSA;201935987_18.pdf;50
ROOMSPRAY ROSES;201935987_19.pdf;50
ROOMSPRAY TUBEREUSE;201935987_20.pdf;50
TEMPO;201935987_21.pdf;50
VETYVERIO EDP;201935987_22.pdf;50
ACQUA;201935987_23.pdf;50
ARANCIO UVA ROSSA;201935987_24.pdf;50
ARIA;201935987_25.pdf;50
Bellini;201935987_26.pdf;50
CHINOTTO PEPE;201935987_27.pdf;50
CUOIO RADICA;201935987_28.pdf;50
FICO SELVATICO;201935987_29.pdf;50
FUOCO;201935987_30.pdf;50
GIGLO DI FIRENZE;201935987_31.pdf;50
GINGER LIME;201935987_32.pdf;50
IL GIARDINO DELLE ROSE;201935987_33.pdf;50
IRIS E GINESTRA;201935987_34.pdf;50
LIMONE MANDARINO;201935987_35.pdf;50
MAGNOLIA ORCHIDEA;201935987_36.pdf;50
MASERATI;201935987_37.pdf;50
MELOGRANO;201935987_38.pdf;50
NORTH;201935987_39.pdf;50
PETALI DI ROSE;201935987_40.pdf;50
ROSSO NOBILE;201935987_41.pdf;50
TUBEROSA MUGHETTO;201935987_42.pdf;50
VANIGLIA MANDARINO;201935987_43.pdf;50
LETTRE DE PUSHKAR;201935987_44.pdf;50
Molecule 02;201935987_45.pdf;150
CUIR CELESTE;201935987_46.pdf;50
VIPER GREEN;201935987_47.pdf;50
NEROLI VOYAGE;201935987_48.pdf;100
DANS TES BRAS;201935987_49.pdf;100
EAU DE MAGNOLIA;201935987_50.pdf;50
LIPSTICK ROSE;201935987_51.pdf;100
Parfum 1;201935987_52.pdf;100
Coccobello;201935987_53.pdf;150
LADY VENGEANCE;201935987_54.pdf;50
Liquid Illusion;201935987_55.pdf;50
Good Girl Gone Bad;201935987_56.pdf;150
Love don't be shy;201935987_57.pdf;50
Straight to Heaven ;201935987_58.pdf;50
ANOTHER 13;201935987_59.pdf;50
SANTAL 33;201935987_60.pdf;150
SANTAL 33;201935987_61.pdf;50
TONKA 25;201935987_62.pdf;50
Rose SantifOlia;201935987_63.pdf;100
Baccarat Rouge 540;201935987_64.pdf;150
Baccarat Rouge 540 Extrait;201935987_65.pdf;150
OUD satin mood;201935987_66.pdf;50
AFRICAN LEATHER;201935987_67.pdf;100
AFRICAN LEATHER ROSE;201935987_68.pdf;100
EAU DE MEMO;201935987_69.pdf;100
FRENCH LEATHER;201935987_70.pdf;100
GRANADA;201935987_71.pdf;100
ILHA DO MEL;201935987_72.pdf;100
INLE;201935987_73.pdf;100
IRISH LEATHER;201935987_74.pdf;100
IRISH OUD;201935987_75.pdf;100
ITALIAN LEATHER;201935987_76.pdf;100
JANNAT;201935987_77.pdf;100
KEDU;201935987_78.pdf;100
LALIBELA;201935987_79.pdf;100
LALIBELA OUD;201935987_80.pdf;100
MARFA;201935987_81.pdf;100
MARFA SPICES;201935987_82.pdf;100
MOROCCAN LEATHER;201935987_83.pdf;100
ORIENTAL LEATHER;201935987_84.pdf;100
RUSSIAN LEATHER;201935987_85.pdf;100
SIWA;201935987_86.pdf;100
TAMARINDO;201935987_87.pdf;100
TIGER'S NEST;201935987_88.pdf;100
WINTER PALACE;201935987_89.pdf;100
fluo_ral;201935987_90.pdf;100
CHANGING CONSTANCE;201935987_91.pdf;100
CHANGING CONSTANCE;201935987_92.pdf;50
CAIRO;201935987_93.pdf;150
ELISABETHAN ROSE;201935987_94.pdf;50
HALFETI;201935987_95.pdf;50
CELLULOID HEROES;201935987_96.pdf;50
LE TEMPS PERDU;201935987_97.pdf;50
fontaine royale;201935987_98.pdf;50
FLEUR BURLESQUE;201935987_99.pdf;50
THE OUD AFFAIR;201935987_100.pdf;50
Sahara II;201935987_101.pdf;100
AMBIANCE SPRAY Black Tea ;201935987_102.pdf;50
AMBIANCE SPRAY Book;201935987_103.pdf;50
AMBIANCE SPRAY Cotton Flower;201935987_104.pdf;50
AMBIANCE SPRAY Earl Grey Tea ;201935987_105.pdf;50
AMBIANCE SPRAY Ebony;201935987_106.pdf;50
AMBIANCE SPRAY Firewood;201935987_107.pdf;50
AMBIANCE SPRAY Liquid Bakhoor;201935987_108.pdf;50
AMBIANCE SPRAY Mandarin Green Tea;201935987_109.pdf;50
AMBIANCE SPRAY Rosemary;201935987_110.pdf;50
AMBIANCE SPRAY Sycamore Fig;201935987_111.pdf;50
AMBIANCE SPRAY Tobacco Wood;201935987_112.pdf;50
