beeld1;pdf1
K28.2.1: 440 etiketten;leeg.pdf
;201947742_TOPLAB-vdp_outline_21.pdf
;201947742_TOPLAB-vdp_outline_21.pdf
;201947742_TOPLAB-vdp_outline_21.pdf
;201947742_TOPLAB-vdp_outline_21.pdf
;201947742_TOPLAB-vdp_outline_21.pdf
;201947742_TOPLAB-vdp_outline_21.pdf
;201947742_TOPLAB-vdp_outline_21.pdf
;201947742_TOPLAB-vdp_outline_21.pdf
;201947742_TOPLAB-vdp_outline_21.pdf
;201947742_TOPLAB-vdp_outline_21.pdf
;201947742_TOPLAB-vdp_outline_21.pdf
;201947742_TOPLAB-vdp_outline_21.pdf
;201947742_TOPLAB-vdp_outline_21.pdf
;201947742_TOPLAB-vdp_outline_21.pdf
;201947742_TOPLAB-vdp_outline_21.pdf
;201947742_TOPLAB-vdp_outline_21.pdf
;201947742_TOPLAB-vdp_outline_21.pdf
;201947742_TOPLAB-vdp_outline_21.pdf
;201947742_TOPLAB-vdp_outline_21.pdf
;201947742_TOPLAB-vdp_outline_21.pdf
;201947742_TOPLAB-vdp_outline_21.pdf
;201947742_TOPLAB-vdp_outline_21.pdf
;201947742_TOPLAB-vdp_outline_21.pdf
;201947742_TOPLAB-vdp_outline_21.pdf
;201947742_TOPLAB-vdp_outline_21.pdf
;201947742_TOPLAB-vdp_outline_21.pdf
;201947742_TOPLAB-vdp_outline_21.pdf
;201947742_TOPLAB-vdp_outline_21.pdf
;201947742_TOPLAB-vdp_outline_21.pdf
;201947742_TOPLAB-vdp_outline_21.pdf
;201947742_TOPLAB-vdp_outline_21.pdf
;201947742_TOPLAB-vdp_outline_21.pdf
;201947742_TOPLAB-vdp_outline_21.pdf
;201947742_TOPLAB-vdp_outline_21.pdf
;201947742_TOPLAB-vdp_outline_21.pdf
;201947742_TOPLAB-vdp_outline_21.pdf
;201947742_TOPLAB-vdp_outline_21.pdf
;201947742_TOPLAB-vdp_outline_21.pdf
;201947742_TOPLAB-vdp_outline_21.pdf
;201947742_TOPLAB-vdp_outline_21.pdf
;201947742_TOPLAB-vdp_outline_21.pdf
;201947742_TOPLAB-vdp_outline_21.pdf
;201947742_TOPLAB-vdp_outline_21.pdf
;201947742_TOPLAB-vdp_outline_21.pdf
;201947742_TOPLAB-vdp_outline_21.pdf
;201947742_TOPLAB-vdp_outline_21.pdf
;201947742_TOPLAB-vdp_outline_21.pdf
;201947742_TOPLAB-vdp_outline_21.pdf
;201947742_TOPLAB-vdp_outline_21.pdf
;201947742_TOPLAB-vdp_outline_21.pdf
;201947742_TOPLAB-vdp_outline_21.pdf
;201947742_TOPLAB-vdp_outline_21.pdf
;201947742_TOPLAB-vdp_outline_21.pdf
;201947742_TOPLAB-vdp_outline_21.pdf
;201947742_TOPLAB-vdp_outline_21.pdf
;201947742_TOPLAB-vdp_outline_21.pdf
;201947742_TOPLAB-vdp_outline_21.pdf
;201947742_TOPLAB-vdp_outline_21.pdf
;201947742_TOPLAB-vdp_outline_21.pdf
;201947742_TOPLAB-vdp_outline_21.pdf
;201947742_TOPLAB-vdp_outline_21.pdf
;201947742_TOPLAB-vdp_outline_21.pdf
;201947742_TOPLAB-vdp_outline_21.pdf
;201947742_TOPLAB-vdp_outline_21.pdf
;201947742_TOPLAB-vdp_outline_21.pdf
;201947742_TOPLAB-vdp_outline_21.pdf
;201947742_TOPLAB-vdp_outline_21.pdf
;201947742_TOPLAB-vdp_outline_21.pdf
;201947742_TOPLAB-vdp_outline_21.pdf
;201947742_TOPLAB-vdp_outline_21.pdf
;201947742_TOPLAB-vdp_outline_21.pdf
;201947742_TOPLAB-vdp_outline_21.pdf
;201947742_TOPLAB-vdp_outline_21.pdf
;201947742_TOPLAB-vdp_outline_21.pdf
;201947742_TOPLAB-vdp_outline_21.pdf
;201947742_TOPLAB-vdp_outline_21.pdf
;201947742_TOPLAB-vdp_outline_21.pdf
;201947742_TOPLAB-vdp_outline_21.pdf
;201947742_TOPLAB-vdp_outline_21.pdf
;201947742_TOPLAB-vdp_outline_21.pdf
;201947742_TOPLAB-vdp_outline_21.pdf
;201947742_TOPLAB-vdp_outline_21.pdf
;201947742_TOPLAB-vdp_outline_21.pdf
;201947742_TOPLAB-vdp_outline_21.pdf
;201947742_TOPLAB-vdp_outline_21.pdf
;201947742_TOPLAB-vdp_outline_21.pdf
;201947742_TOPLAB-vdp_outline_21.pdf
;201947742_TOPLAB-vdp_outline_21.pdf
;201947742_TOPLAB-vdp_outline_21.pdf
;201947742_TOPLAB-vdp_outline_21.pdf
;201947742_TOPLAB-vdp_outline_21.pdf
;201947742_TOPLAB-vdp_outline_21.pdf
;201947742_TOPLAB-vdp_outline_21.pdf
;201947742_TOPLAB-vdp_outline_21.pdf
;201947742_TOPLAB-vdp_outline_21.pdf
;201947742_TOPLAB-vdp_outline_21.pdf
;201947742_TOPLAB-vdp_outline_21.pdf
;201947742_TOPLAB-vdp_outline_21.pdf
;201947742_TOPLAB-vdp_outline_21.pdf
;201947742_TOPLAB-vdp_outline_21.pdf
;201947742_TOPLAB-vdp_outline_21.pdf
;201947742_TOPLAB-vdp_outline_21.pdf
;201947742_TOPLAB-vdp_outline_21.pdf
;201947742_TOPLAB-vdp_outline_21.pdf
;201947742_TOPLAB-vdp_outline_21.pdf
;201947742_TOPLAB-vdp_outline_21.pdf
;201947742_TOPLAB-vdp_outline_21.pdf
;201947742_TOPLAB-vdp_outline_21.pdf
;201947742_TOPLAB-vdp_outline_21.pdf
;201947742_TOPLAB-vdp_outline_21.pdf
;201947742_TOPLAB-vdp_outline_21.pdf
;201947742_TOPLAB-vdp_outline_21.pdf
;201947742_TOPLAB-vdp_outline_21.pdf
;201947742_TOPLAB-vdp_outline_21.pdf
;201947742_TOPLAB-vdp_outline_21.pdf
;201947742_TOPLAB-vdp_outline_21.pdf
;201947742_TOPLAB-vdp_outline_21.pdf
;201947742_TOPLAB-vdp_outline_21.pdf
;201947742_TOPLAB-vdp_outline_21.pdf
;201947742_TOPLAB-vdp_outline_21.pdf
;201947742_TOPLAB-vdp_outline_21.pdf
;201947742_TOPLAB-vdp_outline_21.pdf
;201947742_TOPLAB-vdp_outline_21.pdf
;201947742_TOPLAB-vdp_outline_21.pdf
;201947742_TOPLAB-vdp_outline_21.pdf
;201947742_TOPLAB-vdp_outline_21.pdf
;201947742_TOPLAB-vdp_outline_21.pdf
;201947742_TOPLAB-vdp_outline_21.pdf
;201947742_TOPLAB-vdp_outline_21.pdf
;201947742_TOPLAB-vdp_outline_21.pdf
;201947742_TOPLAB-vdp_outline_21.pdf
;201947742_TOPLAB-vdp_outline_21.pdf
;201947742_TOPLAB-vdp_outline_21.pdf
;201947742_TOPLAB-vdp_outline_21.pdf
;201947742_TOPLAB-vdp_outline_21.pdf
;201947742_TOPLAB-vdp_outline_21.pdf
;201947742_TOPLAB-vdp_outline_21.pdf
;201947742_TOPLAB-vdp_outline_21.pdf
;201947742_TOPLAB-vdp_outline_21.pdf
;201947742_TOPLAB-vdp_outline_21.pdf
;201947742_TOPLAB-vdp_outline_21.pdf
;201947742_TOPLAB-vdp_outline_21.pdf
;201947742_TOPLAB-vdp_outline_21.pdf
;201947742_TOPLAB-vdp_outline_21.pdf
;201947742_TOPLAB-vdp_outline_21.pdf
;201947742_TOPLAB-vdp_outline_21.pdf
;201947742_TOPLAB-vdp_outline_21.pdf
;201947742_TOPLAB-vdp_outline_21.pdf
;201947742_TOPLAB-vdp_outline_21.pdf
;201947742_TOPLAB-vdp_outline_21.pdf
;201947742_TOPLAB-vdp_outline_21.pdf
;201947742_TOPLAB-vdp_outline_21.pdf
;201947742_TOPLAB-vdp_outline_21.pdf
;201947742_TOPLAB-vdp_outline_21.pdf
;201947742_TOPLAB-vdp_outline_21.pdf
;201947742_TOPLAB-vdp_outline_21.pdf
;201947742_TOPLAB-vdp_outline_21.pdf
;201947742_TOPLAB-vdp_outline_21.pdf
;201947742_TOPLAB-vdp_outline_21.pdf
;201947742_TOPLAB-vdp_outline_21.pdf
;201947742_TOPLAB-vdp_outline_21.pdf
;201947742_TOPLAB-vdp_outline_21.pdf
;201947742_TOPLAB-vdp_outline_21.pdf
;201947742_TOPLAB-vdp_outline_21.pdf
;201947742_TOPLAB-vdp_outline_21.pdf
;201947742_TOPLAB-vdp_outline_21.pdf
;201947742_TOPLAB-vdp_outline_21.pdf
;201947742_TOPLAB-vdp_outline_21.pdf
;201947742_TOPLAB-vdp_outline_21.pdf
;201947742_TOPLAB-vdp_outline_21.pdf
;201947742_TOPLAB-vdp_outline_21.pdf
;201947742_TOPLAB-vdp_outline_21.pdf
;201947742_TOPLAB-vdp_outline_21.pdf
;201947742_TOPLAB-vdp_outline_21.pdf
;201947742_TOPLAB-vdp_outline_21.pdf
;201947742_TOPLAB-vdp_outline_21.pdf
;201947742_TOPLAB-vdp_outline_21.pdf
;201947742_TOPLAB-vdp_outline_21.pdf
;201947742_TOPLAB-vdp_outline_21.pdf
;201947742_TOPLAB-vdp_outline_21.pdf
;201947742_TOPLAB-vdp_outline_21.pdf
;201947742_TOPLAB-vdp_outline_21.pdf
;201947742_TOPLAB-vdp_outline_21.pdf
;201947742_TOPLAB-vdp_outline_21.pdf
;201947742_TOPLAB-vdp_outline_21.pdf
;201947742_TOPLAB-vdp_outline_21.pdf
;201947742_TOPLAB-vdp_outline_21.pdf
;201947742_TOPLAB-vdp_outline_21.pdf
;201947742_TOPLAB-vdp_outline_21.pdf
;201947742_TOPLAB-vdp_outline_21.pdf
;201947742_TOPLAB-vdp_outline_21.pdf
;201947742_TOPLAB-vdp_outline_21.pdf
;201947742_TOPLAB-vdp_outline_21.pdf
;201947742_TOPLAB-vdp_outline_21.pdf
;201947742_TOPLAB-vdp_outline_21.pdf
;201947742_TOPLAB-vdp_outline_21.pdf
;201947742_TOPLAB-vdp_outline_21.pdf
;201947742_TOPLAB-vdp_outline_21.pdf
;201947742_TOPLAB-vdp_outline_21.pdf
;201947742_TOPLAB-vdp_outline_21.pdf
;201947742_TOPLAB-vdp_outline_21.pdf
;201947742_TOPLAB-vdp_outline_21.pdf
;201947742_TOPLAB-vdp_outline_21.pdf
;201947742_TOPLAB-vdp_outline_21.pdf
;201947742_TOPLAB-vdp_outline_21.pdf
;201947742_TOPLAB-vdp_outline_21.pdf
;201947742_TOPLAB-vdp_outline_21.pdf
;201947742_TOPLAB-vdp_outline_21.pdf
;201947742_TOPLAB-vdp_outline_21.pdf
;201947742_TOPLAB-vdp_outline_21.pdf
;201947742_TOPLAB-vdp_outline_21.pdf
;201947742_TOPLAB-vdp_outline_21.pdf
;201947742_TOPLAB-vdp_outline_21.pdf
;201947742_TOPLAB-vdp_outline_21.pdf
;201947742_TOPLAB-vdp_outline_21.pdf
;201947742_TOPLAB-vdp_outline_21.pdf
;201947742_TOPLAB-vdp_outline_21.pdf
;201947742_TOPLAB-vdp_outline_21.pdf
;201947742_TOPLAB-vdp_outline_21.pdf
;201947742_TOPLAB-vdp_outline_21.pdf
;201947742_TOPLAB-vdp_outline_21.pdf
;201947742_TOPLAB-vdp_outline_21.pdf
;201947742_TOPLAB-vdp_outline_21.pdf
;201947742_TOPLAB-vdp_outline_21.pdf
;201947742_TOPLAB-vdp_outline_21.pdf
;201947742_TOPLAB-vdp_outline_21.pdf
;201947742_TOPLAB-vdp_outline_21.pdf
;201947742_TOPLAB-vdp_outline_21.pdf
;201947742_TOPLAB-vdp_outline_21.pdf
;201947742_TOPLAB-vdp_outline_21.pdf
;201947742_TOPLAB-vdp_outline_21.pdf
;201947742_TOPLAB-vdp_outline_21.pdf
;201947742_TOPLAB-vdp_outline_21.pdf
;201947742_TOPLAB-vdp_outline_21.pdf
;201947742_TOPLAB-vdp_outline_21.pdf
;201947742_TOPLAB-vdp_outline_21.pdf
;201947742_TOPLAB-vdp_outline_21.pdf
;201947742_TOPLAB-vdp_outline_21.pdf
;201947742_TOPLAB-vdp_outline_21.pdf
;201947742_TOPLAB-vdp_outline_21.pdf
;201947742_TOPLAB-vdp_outline_21.pdf
;201947742_TOPLAB-vdp_outline_21.pdf
;201947742_TOPLAB-vdp_outline_21.pdf
;201947742_TOPLAB-vdp_outline_21.pdf
;201947742_TOPLAB-vdp_outline_21.pdf
;201947742_TOPLAB-vdp_outline_21.pdf
;201947742_TOPLAB-vdp_outline_21.pdf
;201947742_TOPLAB-vdp_outline_21.pdf
;201947742_TOPLAB-vdp_outline_21.pdf
;201947742_TOPLAB-vdp_outline_21.pdf
;201947742_TOPLAB-vdp_outline_21.pdf
;201947742_TOPLAB-vdp_outline_21.pdf
;201947742_TOPLAB-vdp_outline_21.pdf
;201947742_TOPLAB-vdp_outline_21.pdf
;201947742_TOPLAB-vdp_outline_21.pdf
;201947742_TOPLAB-vdp_outline_21.pdf
;201947742_TOPLAB-vdp_outline_21.pdf
;201947742_TOPLAB-vdp_outline_21.pdf
;201947742_TOPLAB-vdp_outline_21.pdf
;201947742_TOPLAB-vdp_outline_21.pdf
;201947742_TOPLAB-vdp_outline_21.pdf
;201947742_TOPLAB-vdp_outline_21.pdf
;201947742_TOPLAB-vdp_outline_21.pdf
;201947742_TOPLAB-vdp_outline_21.pdf
;201947742_TOPLAB-vdp_outline_21.pdf
;201947742_TOPLAB-vdp_outline_21.pdf
;201947742_TOPLAB-vdp_outline_21.pdf
;201947742_TOPLAB-vdp_outline_21.pdf
;201947742_TOPLAB-vdp_outline_21.pdf
;201947742_TOPLAB-vdp_outline_21.pdf
;201947742_TOPLAB-vdp_outline_21.pdf
;201947742_TOPLAB-vdp_outline_21.pdf
;201947742_TOPLAB-vdp_outline_21.pdf
;201947742_TOPLAB-vdp_outline_21.pdf
;201947742_TOPLAB-vdp_outline_21.pdf
;201947742_TOPLAB-vdp_outline_21.pdf
;201947742_TOPLAB-vdp_outline_21.pdf
;201947742_TOPLAB-vdp_outline_21.pdf
;201947742_TOPLAB-vdp_outline_21.pdf
;201947742_TOPLAB-vdp_outline_21.pdf
;201947742_TOPLAB-vdp_outline_21.pdf
;201947742_TOPLAB-vdp_outline_21.pdf
;201947742_TOPLAB-vdp_outline_21.pdf
;201947742_TOPLAB-vdp_outline_21.pdf
;201947742_TOPLAB-vdp_outline_21.pdf
;201947742_TOPLAB-vdp_outline_21.pdf
;201947742_TOPLAB-vdp_outline_21.pdf
;201947742_TOPLAB-vdp_outline_21.pdf
;201947742_TOPLAB-vdp_outline_21.pdf
;201947742_TOPLAB-vdp_outline_21.pdf
;201947742_TOPLAB-vdp_outline_21.pdf
;201947742_TOPLAB-vdp_outline_21.pdf
;201947742_TOPLAB-vdp_outline_21.pdf
;201947742_TOPLAB-vdp_outline_21.pdf
;201947742_TOPLAB-vdp_outline_21.pdf
;201947742_TOPLAB-vdp_outline_21.pdf
;201947742_TOPLAB-vdp_outline_21.pdf
;201947742_TOPLAB-vdp_outline_21.pdf
;201947742_TOPLAB-vdp_outline_21.pdf
;201947742_TOPLAB-vdp_outline_21.pdf
;201947742_TOPLAB-vdp_outline_21.pdf
;201947742_TOPLAB-vdp_outline_21.pdf
;201947742_TOPLAB-vdp_outline_21.pdf
;201947742_TOPLAB-vdp_outline_21.pdf
;201947742_TOPLAB-vdp_outline_21.pdf
;201947742_TOPLAB-vdp_outline_21.pdf
;201947742_TOPLAB-vdp_outline_21.pdf
;201947742_TOPLAB-vdp_outline_21.pdf
;201947742_TOPLAB-vdp_outline_21.pdf
;201947742_TOPLAB-vdp_outline_21.pdf
;201947742_TOPLAB-vdp_outline_21.pdf
;201947742_TOPLAB-vdp_outline_21.pdf
;201947742_TOPLAB-vdp_outline_21.pdf
;201947742_TOPLAB-vdp_outline_21.pdf
;201947742_TOPLAB-vdp_outline_21.pdf
;201947742_TOPLAB-vdp_outline_21.pdf
;201947742_TOPLAB-vdp_outline_21.pdf
;201947742_TOPLAB-vdp_outline_21.pdf
;201947742_TOPLAB-vdp_outline_21.pdf
;201947742_TOPLAB-vdp_outline_21.pdf
;201947742_TOPLAB-vdp_outline_21.pdf
;201947742_TOPLAB-vdp_outline_21.pdf
;201947742_TOPLAB-vdp_outline_21.pdf
;201947742_TOPLAB-vdp_outline_21.pdf
;201947742_TOPLAB-vdp_outline_21.pdf
;201947742_TOPLAB-vdp_outline_21.pdf
;201947742_TOPLAB-vdp_outline_21.pdf
;201947742_TOPLAB-vdp_outline_21.pdf
;201947742_TOPLAB-vdp_outline_21.pdf
;201947742_TOPLAB-vdp_outline_21.pdf
;201947742_TOPLAB-vdp_outline_21.pdf
;201947742_TOPLAB-vdp_outline_21.pdf
;201947742_TOPLAB-vdp_outline_21.pdf
;201947742_TOPLAB-vdp_outline_21.pdf
;201947742_TOPLAB-vdp_outline_21.pdf
;201947742_TOPLAB-vdp_outline_21.pdf
;201947742_TOPLAB-vdp_outline_21.pdf
;201947742_TOPLAB-vdp_outline_21.pdf
;201947742_TOPLAB-vdp_outline_21.pdf
;201947742_TOPLAB-vdp_outline_21.pdf
;201947742_TOPLAB-vdp_outline_21.pdf
;201947742_TOPLAB-vdp_outline_21.pdf
;201947742_TOPLAB-vdp_outline_21.pdf
;201947742_TOPLAB-vdp_outline_21.pdf
;201947742_TOPLAB-vdp_outline_21.pdf
;201947742_TOPLAB-vdp_outline_21.pdf
;201947742_TOPLAB-vdp_outline_21.pdf
;201947742_TOPLAB-vdp_outline_21.pdf
;201947742_TOPLAB-vdp_outline_21.pdf
;201947742_TOPLAB-vdp_outline_21.pdf
;201947742_TOPLAB-vdp_outline_21.pdf
;201947742_TOPLAB-vdp_outline_21.pdf
;201947742_TOPLAB-vdp_outline_21.pdf
;201947742_TOPLAB-vdp_outline_21.pdf
;201947742_TOPLAB-vdp_outline_21.pdf
;201947742_TOPLAB-vdp_outline_21.pdf
;201947742_TOPLAB-vdp_outline_21.pdf
;201947742_TOPLAB-vdp_outline_21.pdf
;201947742_TOPLAB-vdp_outline_21.pdf
;201947742_TOPLAB-vdp_outline_21.pdf
;201947742_TOPLAB-vdp_outline_21.pdf
;201947742_TOPLAB-vdp_outline_21.pdf
;201947742_TOPLAB-vdp_outline_21.pdf
;201947742_TOPLAB-vdp_outline_21.pdf
;201947742_TOPLAB-vdp_outline_21.pdf
;201947742_TOPLAB-vdp_outline_21.pdf
;201947742_TOPLAB-vdp_outline_21.pdf
;201947742_TOPLAB-vdp_outline_21.pdf
;201947742_TOPLAB-vdp_outline_21.pdf
;201947742_TOPLAB-vdp_outline_21.pdf
;201947742_TOPLAB-vdp_outline_21.pdf
;201947742_TOPLAB-vdp_outline_21.pdf
;201947742_TOPLAB-vdp_outline_21.pdf
;201947742_TOPLAB-vdp_outline_21.pdf
;201947742_TOPLAB-vdp_outline_21.pdf
;201947742_TOPLAB-vdp_outline_21.pdf
;201947742_TOPLAB-vdp_outline_21.pdf
;201947742_TOPLAB-vdp_outline_21.pdf
;201947742_TOPLAB-vdp_outline_21.pdf
;201947742_TOPLAB-vdp_outline_21.pdf
;201947742_TOPLAB-vdp_outline_21.pdf
;201947742_TOPLAB-vdp_outline_21.pdf
;201947742_TOPLAB-vdp_outline_21.pdf
;201947742_TOPLAB-vdp_outline_21.pdf
;201947742_TOPLAB-vdp_outline_21.pdf
;201947742_TOPLAB-vdp_outline_21.pdf
;201947742_TOPLAB-vdp_outline_21.pdf
;201947742_TOPLAB-vdp_outline_21.pdf
;201947742_TOPLAB-vdp_outline_21.pdf
;201947742_TOPLAB-vdp_outline_21.pdf
;201947742_TOPLAB-vdp_outline_21.pdf
;201947742_TOPLAB-vdp_outline_21.pdf
;201947742_TOPLAB-vdp_outline_21.pdf
;201947742_TOPLAB-vdp_outline_21.pdf
;201947742_TOPLAB-vdp_outline_21.pdf
;201947742_TOPLAB-vdp_outline_21.pdf
;201947742_TOPLAB-vdp_outline_21.pdf
;201947742_TOPLAB-vdp_outline_21.pdf
;201947742_TOPLAB-vdp_outline_21.pdf
;201947742_TOPLAB-vdp_outline_21.pdf
;201947742_TOPLAB-vdp_outline_21.pdf
;201947742_TOPLAB-vdp_outline_21.pdf
;201947742_TOPLAB-vdp_outline_21.pdf
;201947742_TOPLAB-vdp_outline_21.pdf
;201947742_TOPLAB-vdp_outline_21.pdf
;201947742_TOPLAB-vdp_outline_21.pdf
;201947742_TOPLAB-vdp_outline_21.pdf
;201947742_TOPLAB-vdp_outline_21.pdf
;201947742_TOPLAB-vdp_outline_21.pdf
;201947742_TOPLAB-vdp_outline_21.pdf
;201947742_TOPLAB-vdp_outline_21.pdf
;201947742_TOPLAB-vdp_outline_21.pdf
;201947742_TOPLAB-vdp_outline_21.pdf
;201947742_TOPLAB-vdp_outline_21.pdf
;201947742_TOPLAB-vdp_outline_21.pdf
;201947742_TOPLAB-vdp_outline_21.pdf
;201947742_TOPLAB-vdp_outline_21.pdf
;201947742_TOPLAB-vdp_outline_21.pdf
;201947742_TOPLAB-vdp_outline_21.pdf
;201947742_TOPLAB-vdp_outline_21.pdf
;201947742_TOPLAB-vdp_outline_21.pdf
;201947742_TOPLAB-vdp_outline_21.pdf
;201947742_TOPLAB-vdp_outline_21.pdf
;201947742_TOPLAB-vdp_outline_21.pdf
;201947742_TOPLAB-vdp_outline_21.pdf
;201947742_TOPLAB-vdp_outline_21.pdf
;201947742_TOPLAB-vdp_outline_21.pdf
;201947742_TOPLAB-vdp_outline_21.pdf
;201947742_TOPLAB-vdp_outline_21.pdf
;201947742_TOPLAB-vdp_outline_21.pdf
;201947742_TOPLAB-vdp_outline_21.pdf
;201947742_TOPLAB-vdp_outline_21.pdf
;201947742_TOPLAB-vdp_outline_21.pdf
;201947742_TOPLAB-vdp_outline_21.pdf
;201947742_TOPLAB-vdp_outline_21.pdf
;201947742_TOPLAB-vdp_outline_21.pdf
;201947742_TOPLAB-vdp_outline_21.pdf
;201947742_TOPLAB-vdp_outline_21.pdf
;201947742_TOPLAB-vdp_outline_21.pdf
;201947742_TOPLAB-vdp_outline_21.pdf
K28.2.1: 440 etiketten;leeg.pdf
;stans.pdf
K37.0.8: 322 etiketten;leeg.pdf
;201947742_TOPLAB-vdp_outline_22.pdf
;201947742_TOPLAB-vdp_outline_22.pdf
;201947742_TOPLAB-vdp_outline_22.pdf
;201947742_TOPLAB-vdp_outline_22.pdf
;201947742_TOPLAB-vdp_outline_22.pdf
;201947742_TOPLAB-vdp_outline_22.pdf
;201947742_TOPLAB-vdp_outline_22.pdf
;201947742_TOPLAB-vdp_outline_22.pdf
;201947742_TOPLAB-vdp_outline_22.pdf
;201947742_TOPLAB-vdp_outline_22.pdf
;201947742_TOPLAB-vdp_outline_22.pdf
;201947742_TOPLAB-vdp_outline_22.pdf
;201947742_TOPLAB-vdp_outline_22.pdf
;201947742_TOPLAB-vdp_outline_22.pdf
;201947742_TOPLAB-vdp_outline_22.pdf
;201947742_TOPLAB-vdp_outline_22.pdf
;201947742_TOPLAB-vdp_outline_22.pdf
;201947742_TOPLAB-vdp_outline_22.pdf
;201947742_TOPLAB-vdp_outline_22.pdf
;201947742_TOPLAB-vdp_outline_22.pdf
;201947742_TOPLAB-vdp_outline_22.pdf
;201947742_TOPLAB-vdp_outline_22.pdf
;201947742_TOPLAB-vdp_outline_22.pdf
;201947742_TOPLAB-vdp_outline_22.pdf
;201947742_TOPLAB-vdp_outline_22.pdf
;201947742_TOPLAB-vdp_outline_22.pdf
;201947742_TOPLAB-vdp_outline_22.pdf
;201947742_TOPLAB-vdp_outline_22.pdf
;201947742_TOPLAB-vdp_outline_22.pdf
;201947742_TOPLAB-vdp_outline_22.pdf
;201947742_TOPLAB-vdp_outline_22.pdf
;201947742_TOPLAB-vdp_outline_22.pdf
;201947742_TOPLAB-vdp_outline_22.pdf
;201947742_TOPLAB-vdp_outline_22.pdf
;201947742_TOPLAB-vdp_outline_22.pdf
;201947742_TOPLAB-vdp_outline_22.pdf
;201947742_TOPLAB-vdp_outline_22.pdf
;201947742_TOPLAB-vdp_outline_22.pdf
;201947742_TOPLAB-vdp_outline_22.pdf
;201947742_TOPLAB-vdp_outline_22.pdf
;201947742_TOPLAB-vdp_outline_22.pdf
;201947742_TOPLAB-vdp_outline_22.pdf
;201947742_TOPLAB-vdp_outline_22.pdf
;201947742_TOPLAB-vdp_outline_22.pdf
;201947742_TOPLAB-vdp_outline_22.pdf
;201947742_TOPLAB-vdp_outline_22.pdf
;201947742_TOPLAB-vdp_outline_22.pdf
;201947742_TOPLAB-vdp_outline_22.pdf
;201947742_TOPLAB-vdp_outline_22.pdf
;201947742_TOPLAB-vdp_outline_22.pdf
;201947742_TOPLAB-vdp_outline_22.pdf
;201947742_TOPLAB-vdp_outline_22.pdf
;201947742_TOPLAB-vdp_outline_22.pdf
;201947742_TOPLAB-vdp_outline_22.pdf
;201947742_TOPLAB-vdp_outline_22.pdf
;201947742_TOPLAB-vdp_outline_22.pdf
;201947742_TOPLAB-vdp_outline_22.pdf
;201947742_TOPLAB-vdp_outline_22.pdf
;201947742_TOPLAB-vdp_outline_22.pdf
;201947742_TOPLAB-vdp_outline_22.pdf
;201947742_TOPLAB-vdp_outline_22.pdf
;201947742_TOPLAB-vdp_outline_22.pdf
;201947742_TOPLAB-vdp_outline_22.pdf
;201947742_TOPLAB-vdp_outline_22.pdf
;201947742_TOPLAB-vdp_outline_22.pdf
;201947742_TOPLAB-vdp_outline_22.pdf
;201947742_TOPLAB-vdp_outline_22.pdf
;201947742_TOPLAB-vdp_outline_22.pdf
;201947742_TOPLAB-vdp_outline_22.pdf
;201947742_TOPLAB-vdp_outline_22.pdf
;201947742_TOPLAB-vdp_outline_22.pdf
;201947742_TOPLAB-vdp_outline_22.pdf
;201947742_TOPLAB-vdp_outline_22.pdf
;201947742_TOPLAB-vdp_outline_22.pdf
;201947742_TOPLAB-vdp_outline_22.pdf
;201947742_TOPLAB-vdp_outline_22.pdf
;201947742_TOPLAB-vdp_outline_22.pdf
;201947742_TOPLAB-vdp_outline_22.pdf
;201947742_TOPLAB-vdp_outline_22.pdf
;201947742_TOPLAB-vdp_outline_22.pdf
;201947742_TOPLAB-vdp_outline_22.pdf
;201947742_TOPLAB-vdp_outline_22.pdf
;201947742_TOPLAB-vdp_outline_22.pdf
;201947742_TOPLAB-vdp_outline_22.pdf
;201947742_TOPLAB-vdp_outline_22.pdf
;201947742_TOPLAB-vdp_outline_22.pdf
;201947742_TOPLAB-vdp_outline_22.pdf
;201947742_TOPLAB-vdp_outline_22.pdf
;201947742_TOPLAB-vdp_outline_22.pdf
;201947742_TOPLAB-vdp_outline_22.pdf
;201947742_TOPLAB-vdp_outline_22.pdf
;201947742_TOPLAB-vdp_outline_22.pdf
;201947742_TOPLAB-vdp_outline_22.pdf
;201947742_TOPLAB-vdp_outline_22.pdf
;201947742_TOPLAB-vdp_outline_22.pdf
;201947742_TOPLAB-vdp_outline_22.pdf
;201947742_TOPLAB-vdp_outline_22.pdf
;201947742_TOPLAB-vdp_outline_22.pdf
;201947742_TOPLAB-vdp_outline_22.pdf
;201947742_TOPLAB-vdp_outline_22.pdf
;201947742_TOPLAB-vdp_outline_22.pdf
;201947742_TOPLAB-vdp_outline_22.pdf
;201947742_TOPLAB-vdp_outline_22.pdf
;201947742_TOPLAB-vdp_outline_22.pdf
;201947742_TOPLAB-vdp_outline_22.pdf
;201947742_TOPLAB-vdp_outline_22.pdf
;201947742_TOPLAB-vdp_outline_22.pdf
;201947742_TOPLAB-vdp_outline_22.pdf
;201947742_TOPLAB-vdp_outline_22.pdf
;201947742_TOPLAB-vdp_outline_22.pdf
;201947742_TOPLAB-vdp_outline_22.pdf
;201947742_TOPLAB-vdp_outline_22.pdf
;201947742_TOPLAB-vdp_outline_22.pdf
;201947742_TOPLAB-vdp_outline_22.pdf
;201947742_TOPLAB-vdp_outline_22.pdf
;201947742_TOPLAB-vdp_outline_22.pdf
;201947742_TOPLAB-vdp_outline_22.pdf
;201947742_TOPLAB-vdp_outline_22.pdf
;201947742_TOPLAB-vdp_outline_22.pdf
;201947742_TOPLAB-vdp_outline_22.pdf
;201947742_TOPLAB-vdp_outline_22.pdf
;201947742_TOPLAB-vdp_outline_22.pdf
;201947742_TOPLAB-vdp_outline_22.pdf
;201947742_TOPLAB-vdp_outline_22.pdf
;201947742_TOPLAB-vdp_outline_22.pdf
;201947742_TOPLAB-vdp_outline_22.pdf
;201947742_TOPLAB-vdp_outline_22.pdf
;201947742_TOPLAB-vdp_outline_22.pdf
;201947742_TOPLAB-vdp_outline_22.pdf
;201947742_TOPLAB-vdp_outline_22.pdf
;201947742_TOPLAB-vdp_outline_22.pdf
;201947742_TOPLAB-vdp_outline_22.pdf
;201947742_TOPLAB-vdp_outline_22.pdf
;201947742_TOPLAB-vdp_outline_22.pdf
;201947742_TOPLAB-vdp_outline_22.pdf
;201947742_TOPLAB-vdp_outline_22.pdf
;201947742_TOPLAB-vdp_outline_22.pdf
;201947742_TOPLAB-vdp_outline_22.pdf
;201947742_TOPLAB-vdp_outline_22.pdf
;201947742_TOPLAB-vdp_outline_22.pdf
;201947742_TOPLAB-vdp_outline_22.pdf
;201947742_TOPLAB-vdp_outline_22.pdf
;201947742_TOPLAB-vdp_outline_22.pdf
;201947742_TOPLAB-vdp_outline_22.pdf
;201947742_TOPLAB-vdp_outline_22.pdf
;201947742_TOPLAB-vdp_outline_22.pdf
;201947742_TOPLAB-vdp_outline_22.pdf
;201947742_TOPLAB-vdp_outline_22.pdf
;201947742_TOPLAB-vdp_outline_22.pdf
;201947742_TOPLAB-vdp_outline_22.pdf
;201947742_TOPLAB-vdp_outline_22.pdf
;201947742_TOPLAB-vdp_outline_22.pdf
;201947742_TOPLAB-vdp_outline_22.pdf
;201947742_TOPLAB-vdp_outline_22.pdf
;201947742_TOPLAB-vdp_outline_22.pdf
;201947742_TOPLAB-vdp_outline_22.pdf
;201947742_TOPLAB-vdp_outline_22.pdf
;201947742_TOPLAB-vdp_outline_22.pdf
;201947742_TOPLAB-vdp_outline_22.pdf
;201947742_TOPLAB-vdp_outline_22.pdf
;201947742_TOPLAB-vdp_outline_22.pdf
;201947742_TOPLAB-vdp_outline_22.pdf
;201947742_TOPLAB-vdp_outline_22.pdf
;201947742_TOPLAB-vdp_outline_22.pdf
;201947742_TOPLAB-vdp_outline_22.pdf
;201947742_TOPLAB-vdp_outline_22.pdf
;201947742_TOPLAB-vdp_outline_22.pdf
;201947742_TOPLAB-vdp_outline_22.pdf
;201947742_TOPLAB-vdp_outline_22.pdf
;201947742_TOPLAB-vdp_outline_22.pdf
;201947742_TOPLAB-vdp_outline_22.pdf
;201947742_TOPLAB-vdp_outline_22.pdf
;201947742_TOPLAB-vdp_outline_22.pdf
;201947742_TOPLAB-vdp_outline_22.pdf
;201947742_TOPLAB-vdp_outline_22.pdf
;201947742_TOPLAB-vdp_outline_22.pdf
;201947742_TOPLAB-vdp_outline_22.pdf
;201947742_TOPLAB-vdp_outline_22.pdf
;201947742_TOPLAB-vdp_outline_22.pdf
;201947742_TOPLAB-vdp_outline_22.pdf
;201947742_TOPLAB-vdp_outline_22.pdf
;201947742_TOPLAB-vdp_outline_22.pdf
;201947742_TOPLAB-vdp_outline_22.pdf
;201947742_TOPLAB-vdp_outline_22.pdf
;201947742_TOPLAB-vdp_outline_22.pdf
;201947742_TOPLAB-vdp_outline_22.pdf
;201947742_TOPLAB-vdp_outline_22.pdf
;201947742_TOPLAB-vdp_outline_22.pdf
;201947742_TOPLAB-vdp_outline_22.pdf
;201947742_TOPLAB-vdp_outline_22.pdf
;201947742_TOPLAB-vdp_outline_22.pdf
;201947742_TOPLAB-vdp_outline_22.pdf
;201947742_TOPLAB-vdp_outline_22.pdf
;201947742_TOPLAB-vdp_outline_22.pdf
;201947742_TOPLAB-vdp_outline_22.pdf
;201947742_TOPLAB-vdp_outline_22.pdf
;201947742_TOPLAB-vdp_outline_22.pdf
;201947742_TOPLAB-vdp_outline_22.pdf
;201947742_TOPLAB-vdp_outline_22.pdf
;201947742_TOPLAB-vdp_outline_22.pdf
;201947742_TOPLAB-vdp_outline_22.pdf
;201947742_TOPLAB-vdp_outline_22.pdf
;201947742_TOPLAB-vdp_outline_22.pdf
;201947742_TOPLAB-vdp_outline_22.pdf
;201947742_TOPLAB-vdp_outline_22.pdf
;201947742_TOPLAB-vdp_outline_22.pdf
;201947742_TOPLAB-vdp_outline_22.pdf
;201947742_TOPLAB-vdp_outline_22.pdf
;201947742_TOPLAB-vdp_outline_22.pdf
;201947742_TOPLAB-vdp_outline_22.pdf
;201947742_TOPLAB-vdp_outline_22.pdf
;201947742_TOPLAB-vdp_outline_22.pdf
;201947742_TOPLAB-vdp_outline_22.pdf
;201947742_TOPLAB-vdp_outline_22.pdf
;201947742_TOPLAB-vdp_outline_22.pdf
;201947742_TOPLAB-vdp_outline_22.pdf
;201947742_TOPLAB-vdp_outline_22.pdf
;201947742_TOPLAB-vdp_outline_22.pdf
;201947742_TOPLAB-vdp_outline_22.pdf
;201947742_TOPLAB-vdp_outline_22.pdf
;201947742_TOPLAB-vdp_outline_22.pdf
;201947742_TOPLAB-vdp_outline_22.pdf
;201947742_TOPLAB-vdp_outline_22.pdf
;201947742_TOPLAB-vdp_outline_22.pdf
;201947742_TOPLAB-vdp_outline_22.pdf
;201947742_TOPLAB-vdp_outline_22.pdf
;201947742_TOPLAB-vdp_outline_22.pdf
;201947742_TOPLAB-vdp_outline_22.pdf
;201947742_TOPLAB-vdp_outline_22.pdf
;201947742_TOPLAB-vdp_outline_22.pdf
;201947742_TOPLAB-vdp_outline_22.pdf
;201947742_TOPLAB-vdp_outline_22.pdf
;201947742_TOPLAB-vdp_outline_22.pdf
;201947742_TOPLAB-vdp_outline_22.pdf
;201947742_TOPLAB-vdp_outline_22.pdf
;201947742_TOPLAB-vdp_outline_22.pdf
;201947742_TOPLAB-vdp_outline_22.pdf
;201947742_TOPLAB-vdp_outline_22.pdf
;201947742_TOPLAB-vdp_outline_22.pdf
;201947742_TOPLAB-vdp_outline_22.pdf
;201947742_TOPLAB-vdp_outline_22.pdf
;201947742_TOPLAB-vdp_outline_22.pdf
;201947742_TOPLAB-vdp_outline_22.pdf
;201947742_TOPLAB-vdp_outline_22.pdf
;201947742_TOPLAB-vdp_outline_22.pdf
;201947742_TOPLAB-vdp_outline_22.pdf
;201947742_TOPLAB-vdp_outline_22.pdf
;201947742_TOPLAB-vdp_outline_22.pdf
;201947742_TOPLAB-vdp_outline_22.pdf
;201947742_TOPLAB-vdp_outline_22.pdf
;201947742_TOPLAB-vdp_outline_22.pdf
;201947742_TOPLAB-vdp_outline_22.pdf
;201947742_TOPLAB-vdp_outline_22.pdf
;201947742_TOPLAB-vdp_outline_22.pdf
;201947742_TOPLAB-vdp_outline_22.pdf
;201947742_TOPLAB-vdp_outline_22.pdf
;201947742_TOPLAB-vdp_outline_22.pdf
;201947742_TOPLAB-vdp_outline_22.pdf
;201947742_TOPLAB-vdp_outline_22.pdf
;201947742_TOPLAB-vdp_outline_22.pdf
;201947742_TOPLAB-vdp_outline_22.pdf
;201947742_TOPLAB-vdp_outline_22.pdf
;201947742_TOPLAB-vdp_outline_22.pdf
;201947742_TOPLAB-vdp_outline_22.pdf
;201947742_TOPLAB-vdp_outline_22.pdf
;201947742_TOPLAB-vdp_outline_22.pdf
;201947742_TOPLAB-vdp_outline_22.pdf
;201947742_TOPLAB-vdp_outline_22.pdf
;201947742_TOPLAB-vdp_outline_22.pdf
;201947742_TOPLAB-vdp_outline_22.pdf
;201947742_TOPLAB-vdp_outline_22.pdf
;201947742_TOPLAB-vdp_outline_22.pdf
;201947742_TOPLAB-vdp_outline_22.pdf
;201947742_TOPLAB-vdp_outline_22.pdf
;201947742_TOPLAB-vdp_outline_22.pdf
;201947742_TOPLAB-vdp_outline_22.pdf
;201947742_TOPLAB-vdp_outline_22.pdf
;201947742_TOPLAB-vdp_outline_22.pdf
;201947742_TOPLAB-vdp_outline_22.pdf
;201947742_TOPLAB-vdp_outline_22.pdf
;201947742_TOPLAB-vdp_outline_22.pdf
;201947742_TOPLAB-vdp_outline_22.pdf
;201947742_TOPLAB-vdp_outline_22.pdf
;201947742_TOPLAB-vdp_outline_22.pdf
;201947742_TOPLAB-vdp_outline_22.pdf
;201947742_TOPLAB-vdp_outline_22.pdf
;201947742_TOPLAB-vdp_outline_22.pdf
;201947742_TOPLAB-vdp_outline_22.pdf
;201947742_TOPLAB-vdp_outline_22.pdf
;201947742_TOPLAB-vdp_outline_22.pdf
;201947742_TOPLAB-vdp_outline_22.pdf
;201947742_TOPLAB-vdp_outline_22.pdf
;201947742_TOPLAB-vdp_outline_22.pdf
;201947742_TOPLAB-vdp_outline_22.pdf
;201947742_TOPLAB-vdp_outline_22.pdf
;201947742_TOPLAB-vdp_outline_22.pdf
;201947742_TOPLAB-vdp_outline_22.pdf
;201947742_TOPLAB-vdp_outline_22.pdf
;201947742_TOPLAB-vdp_outline_22.pdf
;201947742_TOPLAB-vdp_outline_22.pdf
;201947742_TOPLAB-vdp_outline_22.pdf
;201947742_TOPLAB-vdp_outline_22.pdf
;201947742_TOPLAB-vdp_outline_22.pdf
;201947742_TOPLAB-vdp_outline_22.pdf
;201947742_TOPLAB-vdp_outline_22.pdf
;201947742_TOPLAB-vdp_outline_22.pdf
;201947742_TOPLAB-vdp_outline_22.pdf
;201947742_TOPLAB-vdp_outline_22.pdf
;201947742_TOPLAB-vdp_outline_22.pdf
;201947742_TOPLAB-vdp_outline_22.pdf
;201947742_TOPLAB-vdp_outline_22.pdf
;201947742_TOPLAB-vdp_outline_22.pdf
;201947742_TOPLAB-vdp_outline_22.pdf
;201947742_TOPLAB-vdp_outline_22.pdf
;201947742_TOPLAB-vdp_outline_22.pdf
;201947742_TOPLAB-vdp_outline_22.pdf
;201947742_TOPLAB-vdp_outline_22.pdf
;201947742_TOPLAB-vdp_outline_22.pdf
;201947742_TOPLAB-vdp_outline_22.pdf
;201947742_TOPLAB-vdp_outline_22.pdf
;201947742_TOPLAB-vdp_outline_22.pdf
;201947742_TOPLAB-vdp_outline_22.pdf
K37.0.8: 322 etiketten;leeg.pdf
;stans.pdf
K90.0.0: 358 etiketten;leeg.pdf
;201947742_TOPLAB-vdp_outline_23.pdf
;201947742_TOPLAB-vdp_outline_23.pdf
;201947742_TOPLAB-vdp_outline_23.pdf
;201947742_TOPLAB-vdp_outline_23.pdf
;201947742_TOPLAB-vdp_outline_23.pdf
;201947742_TOPLAB-vdp_outline_23.pdf
;201947742_TOPLAB-vdp_outline_23.pdf
;201947742_TOPLAB-vdp_outline_23.pdf
;201947742_TOPLAB-vdp_outline_23.pdf
;201947742_TOPLAB-vdp_outline_23.pdf
;201947742_TOPLAB-vdp_outline_23.pdf
;201947742_TOPLAB-vdp_outline_23.pdf
;201947742_TOPLAB-vdp_outline_23.pdf
;201947742_TOPLAB-vdp_outline_23.pdf
;201947742_TOPLAB-vdp_outline_23.pdf
;201947742_TOPLAB-vdp_outline_23.pdf
;201947742_TOPLAB-vdp_outline_23.pdf
;201947742_TOPLAB-vdp_outline_23.pdf
;201947742_TOPLAB-vdp_outline_23.pdf
;201947742_TOPLAB-vdp_outline_23.pdf
;201947742_TOPLAB-vdp_outline_23.pdf
;201947742_TOPLAB-vdp_outline_23.pdf
;201947742_TOPLAB-vdp_outline_23.pdf
;201947742_TOPLAB-vdp_outline_23.pdf
;201947742_TOPLAB-vdp_outline_23.pdf
;201947742_TOPLAB-vdp_outline_23.pdf
;201947742_TOPLAB-vdp_outline_23.pdf
;201947742_TOPLAB-vdp_outline_23.pdf
;201947742_TOPLAB-vdp_outline_23.pdf
;201947742_TOPLAB-vdp_outline_23.pdf
;201947742_TOPLAB-vdp_outline_23.pdf
;201947742_TOPLAB-vdp_outline_23.pdf
;201947742_TOPLAB-vdp_outline_23.pdf
;201947742_TOPLAB-vdp_outline_23.pdf
;201947742_TOPLAB-vdp_outline_23.pdf
;201947742_TOPLAB-vdp_outline_23.pdf
;201947742_TOPLAB-vdp_outline_23.pdf
;201947742_TOPLAB-vdp_outline_23.pdf
;201947742_TOPLAB-vdp_outline_23.pdf
;201947742_TOPLAB-vdp_outline_23.pdf
;201947742_TOPLAB-vdp_outline_23.pdf
;201947742_TOPLAB-vdp_outline_23.pdf
;201947742_TOPLAB-vdp_outline_23.pdf
;201947742_TOPLAB-vdp_outline_23.pdf
;201947742_TOPLAB-vdp_outline_23.pdf
;201947742_TOPLAB-vdp_outline_23.pdf
;201947742_TOPLAB-vdp_outline_23.pdf
;201947742_TOPLAB-vdp_outline_23.pdf
;201947742_TOPLAB-vdp_outline_23.pdf
;201947742_TOPLAB-vdp_outline_23.pdf
;201947742_TOPLAB-vdp_outline_23.pdf
;201947742_TOPLAB-vdp_outline_23.pdf
;201947742_TOPLAB-vdp_outline_23.pdf
;201947742_TOPLAB-vdp_outline_23.pdf
;201947742_TOPLAB-vdp_outline_23.pdf
;201947742_TOPLAB-vdp_outline_23.pdf
;201947742_TOPLAB-vdp_outline_23.pdf
;201947742_TOPLAB-vdp_outline_23.pdf
;201947742_TOPLAB-vdp_outline_23.pdf
;201947742_TOPLAB-vdp_outline_23.pdf
;201947742_TOPLAB-vdp_outline_23.pdf
;201947742_TOPLAB-vdp_outline_23.pdf
;201947742_TOPLAB-vdp_outline_23.pdf
;201947742_TOPLAB-vdp_outline_23.pdf
;201947742_TOPLAB-vdp_outline_23.pdf
;201947742_TOPLAB-vdp_outline_23.pdf
;201947742_TOPLAB-vdp_outline_23.pdf
;201947742_TOPLAB-vdp_outline_23.pdf
;201947742_TOPLAB-vdp_outline_23.pdf
;201947742_TOPLAB-vdp_outline_23.pdf
;201947742_TOPLAB-vdp_outline_23.pdf
;201947742_TOPLAB-vdp_outline_23.pdf
;201947742_TOPLAB-vdp_outline_23.pdf
;201947742_TOPLAB-vdp_outline_23.pdf
;201947742_TOPLAB-vdp_outline_23.pdf
;201947742_TOPLAB-vdp_outline_23.pdf
;201947742_TOPLAB-vdp_outline_23.pdf
;201947742_TOPLAB-vdp_outline_23.pdf
;201947742_TOPLAB-vdp_outline_23.pdf
;201947742_TOPLAB-vdp_outline_23.pdf
;201947742_TOPLAB-vdp_outline_23.pdf
;201947742_TOPLAB-vdp_outline_23.pdf
;201947742_TOPLAB-vdp_outline_23.pdf
;201947742_TOPLAB-vdp_outline_23.pdf
;201947742_TOPLAB-vdp_outline_23.pdf
;201947742_TOPLAB-vdp_outline_23.pdf
;201947742_TOPLAB-vdp_outline_23.pdf
;201947742_TOPLAB-vdp_outline_23.pdf
;201947742_TOPLAB-vdp_outline_23.pdf
;201947742_TOPLAB-vdp_outline_23.pdf
;201947742_TOPLAB-vdp_outline_23.pdf
;201947742_TOPLAB-vdp_outline_23.pdf
;201947742_TOPLAB-vdp_outline_23.pdf
;201947742_TOPLAB-vdp_outline_23.pdf
;201947742_TOPLAB-vdp_outline_23.pdf
;201947742_TOPLAB-vdp_outline_23.pdf
;201947742_TOPLAB-vdp_outline_23.pdf
;201947742_TOPLAB-vdp_outline_23.pdf
;201947742_TOPLAB-vdp_outline_23.pdf
;201947742_TOPLAB-vdp_outline_23.pdf
;201947742_TOPLAB-vdp_outline_23.pdf
;201947742_TOPLAB-vdp_outline_23.pdf
;201947742_TOPLAB-vdp_outline_23.pdf
;201947742_TOPLAB-vdp_outline_23.pdf
;201947742_TOPLAB-vdp_outline_23.pdf
;201947742_TOPLAB-vdp_outline_23.pdf
;201947742_TOPLAB-vdp_outline_23.pdf
;201947742_TOPLAB-vdp_outline_23.pdf
;201947742_TOPLAB-vdp_outline_23.pdf
;201947742_TOPLAB-vdp_outline_23.pdf
;201947742_TOPLAB-vdp_outline_23.pdf
;201947742_TOPLAB-vdp_outline_23.pdf
;201947742_TOPLAB-vdp_outline_23.pdf
;201947742_TOPLAB-vdp_outline_23.pdf
;201947742_TOPLAB-vdp_outline_23.pdf
;201947742_TOPLAB-vdp_outline_23.pdf
;201947742_TOPLAB-vdp_outline_23.pdf
;201947742_TOPLAB-vdp_outline_23.pdf
;201947742_TOPLAB-vdp_outline_23.pdf
;201947742_TOPLAB-vdp_outline_23.pdf
;201947742_TOPLAB-vdp_outline_23.pdf
;201947742_TOPLAB-vdp_outline_23.pdf
;201947742_TOPLAB-vdp_outline_23.pdf
;201947742_TOPLAB-vdp_outline_23.pdf
;201947742_TOPLAB-vdp_outline_23.pdf
;201947742_TOPLAB-vdp_outline_23.pdf
;201947742_TOPLAB-vdp_outline_23.pdf
;201947742_TOPLAB-vdp_outline_23.pdf
;201947742_TOPLAB-vdp_outline_23.pdf
;201947742_TOPLAB-vdp_outline_23.pdf
;201947742_TOPLAB-vdp_outline_23.pdf
;201947742_TOPLAB-vdp_outline_23.pdf
;201947742_TOPLAB-vdp_outline_23.pdf
;201947742_TOPLAB-vdp_outline_23.pdf
;201947742_TOPLAB-vdp_outline_23.pdf
;201947742_TOPLAB-vdp_outline_23.pdf
;201947742_TOPLAB-vdp_outline_23.pdf
;201947742_TOPLAB-vdp_outline_23.pdf
;201947742_TOPLAB-vdp_outline_23.pdf
;201947742_TOPLAB-vdp_outline_23.pdf
;201947742_TOPLAB-vdp_outline_23.pdf
;201947742_TOPLAB-vdp_outline_23.pdf
;201947742_TOPLAB-vdp_outline_23.pdf
;201947742_TOPLAB-vdp_outline_23.pdf
;201947742_TOPLAB-vdp_outline_23.pdf
;201947742_TOPLAB-vdp_outline_23.pdf
;201947742_TOPLAB-vdp_outline_23.pdf
;201947742_TOPLAB-vdp_outline_23.pdf
;201947742_TOPLAB-vdp_outline_23.pdf
;201947742_TOPLAB-vdp_outline_23.pdf
;201947742_TOPLAB-vdp_outline_23.pdf
;201947742_TOPLAB-vdp_outline_23.pdf
;201947742_TOPLAB-vdp_outline_23.pdf
;201947742_TOPLAB-vdp_outline_23.pdf
;201947742_TOPLAB-vdp_outline_23.pdf
;201947742_TOPLAB-vdp_outline_23.pdf
;201947742_TOPLAB-vdp_outline_23.pdf
;201947742_TOPLAB-vdp_outline_23.pdf
;201947742_TOPLAB-vdp_outline_23.pdf
;201947742_TOPLAB-vdp_outline_23.pdf
;201947742_TOPLAB-vdp_outline_23.pdf
;201947742_TOPLAB-vdp_outline_23.pdf
;201947742_TOPLAB-vdp_outline_23.pdf
;201947742_TOPLAB-vdp_outline_23.pdf
;201947742_TOPLAB-vdp_outline_23.pdf
;201947742_TOPLAB-vdp_outline_23.pdf
;201947742_TOPLAB-vdp_outline_23.pdf
;201947742_TOPLAB-vdp_outline_23.pdf
;201947742_TOPLAB-vdp_outline_23.pdf
;201947742_TOPLAB-vdp_outline_23.pdf
;201947742_TOPLAB-vdp_outline_23.pdf
;201947742_TOPLAB-vdp_outline_23.pdf
;201947742_TOPLAB-vdp_outline_23.pdf
;201947742_TOPLAB-vdp_outline_23.pdf
;201947742_TOPLAB-vdp_outline_23.pdf
;201947742_TOPLAB-vdp_outline_23.pdf
;201947742_TOPLAB-vdp_outline_23.pdf
;201947742_TOPLAB-vdp_outline_23.pdf
;201947742_TOPLAB-vdp_outline_23.pdf
;201947742_TOPLAB-vdp_outline_23.pdf
;201947742_TOPLAB-vdp_outline_23.pdf
;201947742_TOPLAB-vdp_outline_23.pdf
;201947742_TOPLAB-vdp_outline_23.pdf
;201947742_TOPLAB-vdp_outline_23.pdf
;201947742_TOPLAB-vdp_outline_23.pdf
;201947742_TOPLAB-vdp_outline_23.pdf
;201947742_TOPLAB-vdp_outline_23.pdf
;201947742_TOPLAB-vdp_outline_23.pdf
;201947742_TOPLAB-vdp_outline_23.pdf
;201947742_TOPLAB-vdp_outline_23.pdf
;201947742_TOPLAB-vdp_outline_23.pdf
;201947742_TOPLAB-vdp_outline_23.pdf
;201947742_TOPLAB-vdp_outline_23.pdf
;201947742_TOPLAB-vdp_outline_23.pdf
;201947742_TOPLAB-vdp_outline_23.pdf
;201947742_TOPLAB-vdp_outline_23.pdf
;201947742_TOPLAB-vdp_outline_23.pdf
;201947742_TOPLAB-vdp_outline_23.pdf
;201947742_TOPLAB-vdp_outline_23.pdf
;201947742_TOPLAB-vdp_outline_23.pdf
;201947742_TOPLAB-vdp_outline_23.pdf
;201947742_TOPLAB-vdp_outline_23.pdf
;201947742_TOPLAB-vdp_outline_23.pdf
;201947742_TOPLAB-vdp_outline_23.pdf
;201947742_TOPLAB-vdp_outline_23.pdf
;201947742_TOPLAB-vdp_outline_23.pdf
;201947742_TOPLAB-vdp_outline_23.pdf
;201947742_TOPLAB-vdp_outline_23.pdf
;201947742_TOPLAB-vdp_outline_23.pdf
;201947742_TOPLAB-vdp_outline_23.pdf
;201947742_TOPLAB-vdp_outline_23.pdf
;201947742_TOPLAB-vdp_outline_23.pdf
;201947742_TOPLAB-vdp_outline_23.pdf
;201947742_TOPLAB-vdp_outline_23.pdf
;201947742_TOPLAB-vdp_outline_23.pdf
;201947742_TOPLAB-vdp_outline_23.pdf
;201947742_TOPLAB-vdp_outline_23.pdf
;201947742_TOPLAB-vdp_outline_23.pdf
;201947742_TOPLAB-vdp_outline_23.pdf
;201947742_TOPLAB-vdp_outline_23.pdf
;201947742_TOPLAB-vdp_outline_23.pdf
;201947742_TOPLAB-vdp_outline_23.pdf
;201947742_TOPLAB-vdp_outline_23.pdf
;201947742_TOPLAB-vdp_outline_23.pdf
;201947742_TOPLAB-vdp_outline_23.pdf
;201947742_TOPLAB-vdp_outline_23.pdf
;201947742_TOPLAB-vdp_outline_23.pdf
;201947742_TOPLAB-vdp_outline_23.pdf
;201947742_TOPLAB-vdp_outline_23.pdf
;201947742_TOPLAB-vdp_outline_23.pdf
;201947742_TOPLAB-vdp_outline_23.pdf
;201947742_TOPLAB-vdp_outline_23.pdf
;201947742_TOPLAB-vdp_outline_23.pdf
;201947742_TOPLAB-vdp_outline_23.pdf
;201947742_TOPLAB-vdp_outline_23.pdf
;201947742_TOPLAB-vdp_outline_23.pdf
;201947742_TOPLAB-vdp_outline_23.pdf
;201947742_TOPLAB-vdp_outline_23.pdf
;201947742_TOPLAB-vdp_outline_23.pdf
;201947742_TOPLAB-vdp_outline_23.pdf
;201947742_TOPLAB-vdp_outline_23.pdf
;201947742_TOPLAB-vdp_outline_23.pdf
;201947742_TOPLAB-vdp_outline_23.pdf
;201947742_TOPLAB-vdp_outline_23.pdf
;201947742_TOPLAB-vdp_outline_23.pdf
;201947742_TOPLAB-vdp_outline_23.pdf
;201947742_TOPLAB-vdp_outline_23.pdf
;201947742_TOPLAB-vdp_outline_23.pdf
;201947742_TOPLAB-vdp_outline_23.pdf
;201947742_TOPLAB-vdp_outline_23.pdf
;201947742_TOPLAB-vdp_outline_23.pdf
;201947742_TOPLAB-vdp_outline_23.pdf
;201947742_TOPLAB-vdp_outline_23.pdf
;201947742_TOPLAB-vdp_outline_23.pdf
;201947742_TOPLAB-vdp_outline_23.pdf
;201947742_TOPLAB-vdp_outline_23.pdf
;201947742_TOPLAB-vdp_outline_23.pdf
;201947742_TOPLAB-vdp_outline_23.pdf
;201947742_TOPLAB-vdp_outline_23.pdf
;201947742_TOPLAB-vdp_outline_23.pdf
;201947742_TOPLAB-vdp_outline_23.pdf
;201947742_TOPLAB-vdp_outline_23.pdf
;201947742_TOPLAB-vdp_outline_23.pdf
;201947742_TOPLAB-vdp_outline_23.pdf
;201947742_TOPLAB-vdp_outline_23.pdf
;201947742_TOPLAB-vdp_outline_23.pdf
;201947742_TOPLAB-vdp_outline_23.pdf
;201947742_TOPLAB-vdp_outline_23.pdf
;201947742_TOPLAB-vdp_outline_23.pdf
;201947742_TOPLAB-vdp_outline_23.pdf
;201947742_TOPLAB-vdp_outline_23.pdf
;201947742_TOPLAB-vdp_outline_23.pdf
;201947742_TOPLAB-vdp_outline_23.pdf
;201947742_TOPLAB-vdp_outline_23.pdf
;201947742_TOPLAB-vdp_outline_23.pdf
;201947742_TOPLAB-vdp_outline_23.pdf
;201947742_TOPLAB-vdp_outline_23.pdf
;201947742_TOPLAB-vdp_outline_23.pdf
;201947742_TOPLAB-vdp_outline_23.pdf
;201947742_TOPLAB-vdp_outline_23.pdf
;201947742_TOPLAB-vdp_outline_23.pdf
;201947742_TOPLAB-vdp_outline_23.pdf
;201947742_TOPLAB-vdp_outline_23.pdf
;201947742_TOPLAB-vdp_outline_23.pdf
;201947742_TOPLAB-vdp_outline_23.pdf
;201947742_TOPLAB-vdp_outline_23.pdf
;201947742_TOPLAB-vdp_outline_23.pdf
;201947742_TOPLAB-vdp_outline_23.pdf
;201947742_TOPLAB-vdp_outline_23.pdf
;201947742_TOPLAB-vdp_outline_23.pdf
;201947742_TOPLAB-vdp_outline_23.pdf
;201947742_TOPLAB-vdp_outline_23.pdf
;201947742_TOPLAB-vdp_outline_23.pdf
;201947742_TOPLAB-vdp_outline_23.pdf
;201947742_TOPLAB-vdp_outline_23.pdf
;201947742_TOPLAB-vdp_outline_23.pdf
;201947742_TOPLAB-vdp_outline_23.pdf
;201947742_TOPLAB-vdp_outline_23.pdf
;201947742_TOPLAB-vdp_outline_23.pdf
;201947742_TOPLAB-vdp_outline_23.pdf
;201947742_TOPLAB-vdp_outline_23.pdf
;201947742_TOPLAB-vdp_outline_23.pdf
;201947742_TOPLAB-vdp_outline_23.pdf
;201947742_TOPLAB-vdp_outline_23.pdf
;201947742_TOPLAB-vdp_outline_23.pdf
;201947742_TOPLAB-vdp_outline_23.pdf
;201947742_TOPLAB-vdp_outline_23.pdf
;201947742_TOPLAB-vdp_outline_23.pdf
;201947742_TOPLAB-vdp_outline_23.pdf
;201947742_TOPLAB-vdp_outline_23.pdf
;201947742_TOPLAB-vdp_outline_23.pdf
;201947742_TOPLAB-vdp_outline_23.pdf
;201947742_TOPLAB-vdp_outline_23.pdf
;201947742_TOPLAB-vdp_outline_23.pdf
;201947742_TOPLAB-vdp_outline_23.pdf
;201947742_TOPLAB-vdp_outline_23.pdf
;201947742_TOPLAB-vdp_outline_23.pdf
;201947742_TOPLAB-vdp_outline_23.pdf
;201947742_TOPLAB-vdp_outline_23.pdf
;201947742_TOPLAB-vdp_outline_23.pdf
;201947742_TOPLAB-vdp_outline_23.pdf
;201947742_TOPLAB-vdp_outline_23.pdf
;201947742_TOPLAB-vdp_outline_23.pdf
;201947742_TOPLAB-vdp_outline_23.pdf
;201947742_TOPLAB-vdp_outline_23.pdf
;201947742_TOPLAB-vdp_outline_23.pdf
;201947742_TOPLAB-vdp_outline_23.pdf
;201947742_TOPLAB-vdp_outline_23.pdf
;201947742_TOPLAB-vdp_outline_23.pdf
;201947742_TOPLAB-vdp_outline_23.pdf
;201947742_TOPLAB-vdp_outline_23.pdf
;201947742_TOPLAB-vdp_outline_23.pdf
;201947742_TOPLAB-vdp_outline_23.pdf
;201947742_TOPLAB-vdp_outline_23.pdf
;201947742_TOPLAB-vdp_outline_23.pdf
;201947742_TOPLAB-vdp_outline_23.pdf
;201947742_TOPLAB-vdp_outline_23.pdf
;201947742_TOPLAB-vdp_outline_23.pdf
;201947742_TOPLAB-vdp_outline_23.pdf
;201947742_TOPLAB-vdp_outline_23.pdf
;201947742_TOPLAB-vdp_outline_23.pdf
;201947742_TOPLAB-vdp_outline_23.pdf
;201947742_TOPLAB-vdp_outline_23.pdf
;201947742_TOPLAB-vdp_outline_23.pdf
;201947742_TOPLAB-vdp_outline_23.pdf
;201947742_TOPLAB-vdp_outline_23.pdf
;201947742_TOPLAB-vdp_outline_23.pdf
;201947742_TOPLAB-vdp_outline_23.pdf
;201947742_TOPLAB-vdp_outline_23.pdf
;201947742_TOPLAB-vdp_outline_23.pdf
;201947742_TOPLAB-vdp_outline_23.pdf
;201947742_TOPLAB-vdp_outline_23.pdf
;201947742_TOPLAB-vdp_outline_23.pdf
;201947742_TOPLAB-vdp_outline_23.pdf
;201947742_TOPLAB-vdp_outline_23.pdf
;201947742_TOPLAB-vdp_outline_23.pdf
;201947742_TOPLAB-vdp_outline_23.pdf
;201947742_TOPLAB-vdp_outline_23.pdf
K90.0.0: 358 etiketten;leeg.pdf
;stans.pdf
