Colorcode;color;aantal;beeld;vv
A03.4.0;Silver Grey;64;201947742_meteon-vdp_outline_1.pdf;1
A03.4.0;Silver Grey;645;201947742_meteon-vdp_outline_2.pdf;1
A04.0.1;Pearl Yellow;310;201947742_meteon-vdp_outline_3.pdf;1
A04.0.1;Pearl Yellow;936;201947742_meteon-vdp_outline_4.pdf;1
A04.0.5;Zinc Yellow;267;201947742_meteon-vdp_outline_5.pdf;1
A04.1.7;Gold Yellow;27;201947742_meteon-vdp_outline_6.pdf;1
A05.0.0;Pure White;339;201947742_meteon-vdp_outline_7.pdf;1
A05.1.1;Stone Beige;690;201947742_meteon-vdp_outline_8.pdf;1
A05.1.2;Champagne;148;201947742_meteon-vdp_outline_9.pdf;1
A05.1.2;Champagne;310;201947742_meteon-vdp_outline_10.pdf;1
A05.1.4;Sun Yellow;615;201947742_meteon-vdp_outline_11.pdf;1
A05.5.0;Quartz Grey;613;201947742_meteon-vdp_outline_12.pdf;1
A06.3.5;Ochre;1015;201947742_meteon-vdp_outline_13.pdf;1
A06.5.1;Toscana Greige;1015;201947742_meteon-vdp_outline_14.pdf;1
A06.5.1;Toscana Greige;57;201947742_meteon-vdp_outline_15.pdf;1
A06.7.1;Natural Greige;1739;201947742_meteon-vdp_outline_16.pdf;2
A06.7.1;Natural Greige;1739;201947742_meteon-vdp_outline_16.pdf;2
A06.7.1;Natural Greige;129;201947742_meteon-vdp_outline_17.pdf;1
A08.2.1;Mid Beige;51;201947742_meteon-vdp_outline_18.pdf;1
A08.3.1;Stone Grey;51;201947742_meteon-vdp_outline_19.pdf;1
A08.4.5;Rusty Red;350;201947742_meteon-vdp_outline_20.pdf;1
A08.8.1;Dark Brown;128;201947742_meteon-vdp_outline_21.pdf;1
A09.6.4;Mahogany Red;249;201947742_meteon-vdp_outline_22.pdf;1
A10.3.4;Terra Cotta;44;201947742_meteon-vdp_outline_23.pdf;1
A10.4.5;Sienna Brown;316;201947742_meteon-vdp_outline_24.pdf;1
A10.6.1;Taupe;64;201947742_meteon-vdp_outline_25.pdf;1
A12.1.8;Passion Red;33;201947742_meteon-vdp_outline_26.pdf;1
A12.3.7;Caramine Red;389;201947742_meteon-vdp_outline_27.pdf;1
A12.3.7;Caramine Red;15;201947742_meteon-vdp_outline_28.pdf;1
A12.6.3;Wine Red;908;201947742_meteon-vdp_outline_29.pdf;1
A14.7.2;Deep Red Brown;385;201947742_meteon-vdp_outline_30.pdf;1
A16.5.1;Mauve;285;201947742_meteon-vdp_outline_31.pdf;1
A17.3.5;Cyclam;128;201947742_meteon-vdp_outline_32.pdf;1
A17.3.5;Cyclam;294;201947742_meteon-vdp_outline_33.pdf;1
A20.2.3;Light Viola;948;201947742_meteon-vdp_outline_34.pdf;1
A20.7.2;Dark Blue;238;201947742_meteon-vdp_outline_35.pdf;1
A21.5.1;Mid Grey;241;201947742_meteon-vdp_outline_36.pdf;1
A21.7.0;Steel Grey;112;201947742_meteon-vdp_outline_37.pdf;1
A22.1.6;Royal Blue;1743;201947742_meteon-vdp_outline_38.pdf;2
A22.1.6;Royal Blue;1743;201947742_meteon-vdp_outline_38.pdf;2
A22.2.1;Bluish Grey;298;201947742_meteon-vdp_outline_39.pdf;1
A22.2.1;Bluish Grey;294;201947742_meteon-vdp_outline_40.pdf;1
A22.3.1;Ocean Grey;347;201947742_meteon-vdp_outline_41.pdf;1
A22.3.1;Ocean Grey;44;201947742_meteon-vdp_outline_42.pdf;1
A22.4.4;Briljant Blue;121;201947742_meteon-vdp_outline_43.pdf;1
A22.6.2;Dark Denim;463;201947742_meteon-vdp_outline_44.pdf;1
A23.0.4;Mineral Blue;98;201947742_meteon-vdp_outline_45.pdf;1
A25.8.1;Anthracite Grey;75;201947742_meteon-vdp_outline_46.pdf;1
A26.5.4;Pacific;700;201947742_meteon-vdp_outline_47.pdf;1
A26.5.4;Pacific;125;201947742_meteon-vdp_outline_48.pdf;1
A28.2.1;Aquamarine;343;201947742_meteon-vdp_outline_49.pdf;1
A28.6.2;Mid Green;652;201947742_meteon-vdp_outline_50.pdf;1
A28.6.2;Mid Green;247;201947742_meteon-vdp_outline_51.pdf;1
A30.3.2;Verdigris;700;201947742_meteon-vdp_outline_52.pdf;1
A32.2.1;Translucent Green;300;201947742_meteon-vdp_outline_53.pdf;1
A32.2.1;Translucent Green;350;201947742_meteon-vdp_outline_54.pdf;1
A32.2.1;Translucent Green;112;201947742_meteon-vdp_outline_55.pdf;1
A32.7.2;Dark Green;350;201947742_meteon-vdp_outline_56.pdf;1
A34.8.1;Forest Green;1863;201947742_meteon-vdp_outline_57.pdf;1
A34.8.1;Forest Green;338;201947742_meteon-vdp_outline_58.pdf;1
A35.4.0;Cactus Green;652;201947742_meteon-vdp_outline_59.pdf;1
A35.4.0;Cactus Green;32;201947742_meteon-vdp_outline_60.pdf;1
A37.0.8;Lime Green;788;201947742_meteon-vdp_outline_61.pdf;1
A37.2.3;Spring Green;350;201947742_meteon-vdp_outline_62.pdf;1
A37.2.3;Spring Green;182;201947742_meteon-vdp_outline_63.pdf;1
A41.0.6;Mojito Green;347;201947742_meteon-vdp_outline_64.pdf;1
A41.0.6;Mojito Green;118;201947742_meteon-vdp_outline_65.pdf;1
A41.0.6;Mojito Green;1194;201947742_meteon-vdp_outline_66.pdf;2
A41.0.6;Mojito Green;1194;201947742_meteon-vdp_outline_66.pdf;2
NW02;Elegant Oak ;210;201947742_meteon-vdp_outline_67.pdf;1
NW03;Harmony Oak ;268;201947742_meteon-vdp_outline_68.pdf;1
NW04;Pacific Board ;25;201947742_meteon-vdp_outline_69.pdf;1
NW04;Pacific Board ;16;201947742_meteon-vdp_outline_70.pdf;1
NW04;Pacific Board ;45;201947742_meteon-vdp_outline_71.pdf;1
NW04;Pacific Board ;36;201947742_meteon-vdp_outline_72.pdf;1
NW04;Pacific Board ;1381;201947742_meteon-vdp_outline_73.pdf;3
NW04;Pacific Board ;1381;201947742_meteon-vdp_outline_73.pdf;3
NW04;Pacific Board ;1381;201947742_meteon-vdp_outline_73.pdf;3
NW06;Montreux Amber ;210;201947742_meteon-vdp_outline_74.pdf;1
NW06;Montreux Amber ;13;201947742_meteon-vdp_outline_75.pdf;1
NW07;Montreux Sunglow ;138;201947742_meteon-vdp_outline_76.pdf;1
NW07;Montreux Sunglow ;18;201947742_meteon-vdp_outline_77.pdf;1
NW08;Italian Walnut ;12;201947742_meteon-vdp_outline_78.pdf;1
NW08;Italian Walnut ;1027;201947742_meteon-vdp_outline_79.pdf;1
NW08;Italian Walnut ;19;201947742_meteon-vdp_outline_80.pdf;1
NW09;Wenge ;3;201947742_meteon-vdp_outline_81.pdf;1
NW09;Wenge ;736;201947742_meteon-vdp_outline_82.pdf;1
NW09;Wenge ;70;201947742_meteon-vdp_outline_83.pdf;1
NW09;Wenge ;16;201947742_meteon-vdp_outline_84.pdf;1
NW09;Wenge ;10;201947742_meteon-vdp_outline_85.pdf;1
NW11;Santos Palisander ;218;201947742_meteon-vdp_outline_86.pdf;1
NW12;Natural Bagenda ;478;201947742_meteon-vdp_outline_87.pdf;1
NW13;Country Wood ;116;201947742_meteon-vdp_outline_88.pdf;1
NW13;Country Wood ;142;201947742_meteon-vdp_outline_89.pdf;1
NW14;French Walnut;25;201947742_meteon-vdp_outline_90.pdf;1
NW14;French Walnut;369;201947742_meteon-vdp_outline_91.pdf;1
NW14;French Walnut;8;201947742_meteon-vdp_outline_92.pdf;1
NW15;Milano Sabbia ;4;201947742_meteon-vdp_outline_93.pdf;1
NW16;Milano Sabbia ;2;201947742_meteon-vdp_outline_94.pdf;1
NW17;Milano Grigio ;307;201947742_meteon-vdp_outline_95.pdf;1
NW17;Milano Grigio ;113;201947742_meteon-vdp_outline_96.pdf;1
NW17;Milano Grigio ;1747;201947742_meteon-vdp_outline_97.pdf;3
NW17;Milano Grigio ;1747;201947742_meteon-vdp_outline_97.pdf;3
NW17;Milano Grigio ;1747;201947742_meteon-vdp_outline_97.pdf;3
NW19;Dark Mahogany ;113;201947742_meteon-vdp_outline_98.pdf;1
NW22;Slate Wood ;246;201947742_meteon-vdp_outline_99.pdf;1
NW22;Slate Wood ;331;201947742_meteon-vdp_outline_100.pdf;1
NW22;Slate Wood ;8;201947742_meteon-vdp_outline_101.pdf;1
NW23;Nordic Black ;422;201947742_meteon-vdp_outline_102.pdf;1
NW23;Nordic Black ;30;201947742_meteon-vdp_outline_103.pdf;1
NW23;Nordic Black ;40;201947742_meteon-vdp_outline_104.pdf;1
NW23;Nordic Black ;15;201947742_meteon-vdp_outline_105.pdf;1
NW23;Nordic Black ;1319;201947742_meteon-vdp_outline_106.pdf;1
NW24;Greyed Cedar ;1662;201947742_meteon-vdp_outline_107.pdf;1
NW24;Greyed Cedar ;1183;201947742_meteon-vdp_outline_108.pdf;1
NW25;Hesbania ;1093;201947742_meteon-vdp_outline_109.pdf;2
NW25;Hesbania ;1093;201947742_meteon-vdp_outline_109.pdf;2
NW26;Core Ash ;1485;201947742_meteon-vdp_outline_110.pdf;2
NW26;Core Ash ;1485;201947742_meteon-vdp_outline_110.pdf;2
NW27;Denver Oak ;1213;201947742_meteon-vdp_outline_111.pdf;2
NW27;Denver Oak ;1213;201947742_meteon-vdp_outline_111.pdf;2
NW27;Denver Oak ;162;201947742_meteon-vdp_outline_112.pdf;1
NW28;Halmstad ;105;201947742_meteon-vdp_outline_113.pdf;1
NW29;Woodstone ;1401;201947742_meteon-vdp_outline_114.pdf;2
NW29;Woodstone ;1401;201947742_meteon-vdp_outline_114.pdf;2
NA11;French Limestone ;577;201947742_meteon-vdp_outline_115.pdf;1
NA11;French Limestone ;600;201947742_meteon-vdp_outline_116.pdf;1
NA11;French Limestone ;85;201947742_meteon-vdp_outline_117.pdf;1
NA11;French Limestone ;815;201947742_meteon-vdp_outline_118.pdf;1
NA12;Natural Chalkstone ;794;201947742_meteon-vdp_outline_119.pdf;1
NA12;Natural Chalkstone ;569;201947742_meteon-vdp_outline_120.pdf;1
NA12;Natural Chalkstone ;99;201947742_meteon-vdp_outline_121.pdf;1
NA13;Silver Quartzite ;451;201947742_meteon-vdp_outline_122.pdf;1
NA13;Silver Quartzite ;46;201947742_meteon-vdp_outline_123.pdf;1
NA13;Silver Quartzite ;1041;201947742_meteon-vdp_outline_124.pdf;1
NA14;Weathered Basalt ;1357;201947742_meteon-vdp_outline_125.pdf;1
NA14;Weathered Basalt ;225;201947742_meteon-vdp_outline_126.pdf;1
NA14;Weathered Basalt ;23;201947742_meteon-vdp_outline_127.pdf;1
NA14;Weathered Basalt ;1511;201947742_meteon-vdp_outline_128.pdf;2
NA14;Weathered Basalt ;1511;201947742_meteon-vdp_outline_128.pdf;2
NA15;Indian Terra Cotta;13;201947742_meteon-vdp_outline_129.pdf;1
NA15;Indian Terra Cotta;34;201947742_meteon-vdp_outline_130.pdf;1
NA15;Indian Terra Cotta;582;201947742_meteon-vdp_outline_131.pdf;1
NA16;Belgian Bluestone ;32;201947742_meteon-vdp_outline_132.pdf;1
NA16;Belgian Bluestone ;167;201947742_meteon-vdp_outline_133.pdf;1
NA16;Belgian Bluestone ;37;201947742_meteon-vdp_outline_134.pdf;1
NA16;Belgian Bluestone ;235;201947742_meteon-vdp_outline_135.pdf;1
NA17;Natural Graphite ;19;201947742_meteon-vdp_outline_136.pdf;1
NA17;Natural Graphite ;18;201947742_meteon-vdp_outline_137.pdf;1
NA17;Natural Graphite ;377;201947742_meteon-vdp_outline_138.pdf;1
NA19;Italian Slate ;284;201947742_meteon-vdp_outline_139.pdf;1
NM02;Forged Alloy ;375;201947742_meteon-vdp_outline_140.pdf;1
NM02;Forged Alloy ;941;201947742_meteon-vdp_outline_141.pdf;1
NM03;Corroded Green ;788;201947742_meteon-vdp_outline_142.pdf;1
NM04;Sintered Alloy ;39;201947742_meteon-vdp_outline_143.pdf;1
NM04;Sintered Alloy ;76;201947742_meteon-vdp_outline_144.pdf;1
NM05;Hardened Brown ;8;201947742_meteon-vdp_outline_145.pdf;1
NM05;Hardened Brown;37;201947742_meteon-vdp_outline_146.pdf;1
NM05;Hardened Brown ;31;201947742_meteon-vdp_outline_147.pdf;1
NM06;Tempered Grey ;54;201947742_meteon-vdp_outline_148.pdf;1
NM06;Tempered Grey ;25;201947742_meteon-vdp_outline_149.pdf;1
NM07;Casted Grey ;7;201947742_meteon-vdp_outline_150.pdf;1
NM07;Casted Grey ;1882;201947742_meteon-vdp_outline_151.pdf;1
NM08;Crafted White ;213;201947742_meteon-vdp_outline_152.pdf;1
M04.4.1;Titanium Silver;272;201947742_meteon-vdp_outline_153.pdf;1
M05.5.1;Titanium Bronze;350;201947742_meteon-vdp_outline_154.pdf;1
M05.5.1;Titanium Bronze;87;201947742_meteon-vdp_outline_155.pdf;1
M05.6.1;Urban Brown;385;201947742_meteon-vdp_outline_156.pdf;1
M05.6.1;Urban Brown;184;201947742_meteon-vdp_outline_157.pdf;1
M06.4.1;Amber;56;201947742_meteon-vdp_outline_158.pdf;1
M06.4.1;Amber;1323;201947742_meteon-vdp_outline_159.pdf;1
M10.5.5;Deep Copper;303;201947742_meteon-vdp_outline_160.pdf;1
M10.5.5;Deep Copper;438;201947742_meteon-vdp_outline_161.pdf;1
M21.3.4;Azurite Blue;1725;201947742_meteon-vdp_outline_162.pdf;4
M21.3.4;Azurite Blue;1725;201947742_meteon-vdp_outline_162.pdf;4
M21.3.4;Azurite Blue;1725;201947742_meteon-vdp_outline_162.pdf;4
M21.3.4;Azurite Blue;1725;201947742_meteon-vdp_outline_162.pdf;4
M21.8.1;Graphite Grey;268;201947742_meteon-vdp_outline_163.pdf;1
M35.7.1;Malachite Green;340;201947742_meteon-vdp_outline_164.pdf;1
M53.0.2;Copper Yellow;367;201947742_meteon-vdp_outline_165.pdf;1
M53.0.2;Copper Yellow;124;201947742_meteon-vdp_outline_166.pdf;1
C08.03;Brooklyn Classic ;58;201947742_meteon-vdp_outline_167.pdf;1
C08.21;Brooklyn Luna ;31;201947742_meteon-vdp_outline_168.pdf;1
C08.25;Brooklyn Anthracite ;361;201947742_meteon-vdp_outline_169.pdf;1
C08.25;Brooklyn Anthracite ;19;201947742_meteon-vdp_outline_170.pdf;1
CM05.04;Santiago Blanco ;25;201947742_meteon-vdp_outline_171.pdf;1
CM05.21;Santiago Gris ;20;201947742_meteon-vdp_outline_172.pdf;1
CM05.25;Santiago Noche ;30;201947742_meteon-vdp_outline_173.pdf;1
CM05.25;Santiago Noche ;74;201947742_meteon-vdp_outline_174.pdf;1
CM05.25;Santiago Noche ;214;201947742_meteon-vdp_outline_175.pdf;1
CM06.25;Bilbao Sombra ;24;201947742_meteon-vdp_outline_176.pdf;1
CM09.03;Brooklyn Steel ;1;201947742_meteon-vdp_outline_177.pdf;1
CM09.03;Brooklyn Steel ;14;201947742_meteon-vdp_outline_178.pdf;1
CM09.06;Brooklyn Bronze ;73;201947742_meteon-vdp_outline_179.pdf;1
CM09.06;Brooklyn Bronze ;8;201947742_meteon-vdp_outline_180.pdf;1
CM09.06;Brooklyn Bronze ;342;201947742_meteon-vdp_outline_181.pdf;1
CM09.51;Brooklyn Aluminium ;13;201947742_meteon-vdp_outline_182.pdf;1
L0500;Athens White ;58;201947742_meteon-vdp_outline_183.pdf;1
L0500;Athens White ;36;201947742_meteon-vdp_outline_184.pdf;1
L0500;Athens White ;1380;201947742_meteon-vdp_outline_185.pdf;1
L0500;Athens White ;289;201947742_meteon-vdp_outline_186.pdf;1
L0500;Athens White ;1645;201947742_meteon-vdp_outline_187.pdf;3
L0500;Athens White ;1645;201947742_meteon-vdp_outline_187.pdf;3
L0500;Athens White ;1645;201947742_meteon-vdp_outline_187.pdf;3
L0651;Italian Greige ;177;201947742_meteon-vdp_outline_188.pdf;1
L0651;Italian Greige ;1902;201947742_meteon-vdp_outline_189.pdf;1
L0651;Italian Greige ;22;201947742_meteon-vdp_outline_190.pdf;1
L0651;Italian Greige ;1709;201947742_meteon-vdp_outline_191.pdf;1
L0651;Italian Greige ;64;201947742_meteon-vdp_outline_192.pdf;1
L0651;Italian Greige ;32;201947742_meteon-vdp_outline_193.pdf;1
L0651;Italian Greige ;1543;201947742_meteon-vdp_outline_194.pdf;2
L0651;Italian Greige ;1543;201947742_meteon-vdp_outline_194.pdf;2
L0964;India Brown ;286;201947742_meteon-vdp_outline_195.pdf;1
L0964;India Brown ;750;201947742_meteon-vdp_outline_196.pdf;1
L0964;India Brown ;1705;201947742_meteon-vdp_outline_197.pdf;1
L0964;India Brown ;1380;201947742_meteon-vdp_outline_198.pdf;1
L0964;India Brown ;27;201947742_meteon-vdp_outline_199.pdf;1
L0964;India Brown ;1728;201947742_meteon-vdp_outline_200.pdf;2
L0964;India Brown ;1728;201947742_meteon-vdp_outline_200.pdf;2
L2151;London Grey ;23;201947742_meteon-vdp_outline_201.pdf;1
L2151;London Grey ;232;201947742_meteon-vdp_outline_202.pdf;1
L2151;London Grey ;48;201947742_meteon-vdp_outline_203.pdf;1
L2151;London Grey ;1618;201947742_meteon-vdp_outline_204.pdf;1
L2151;London Grey ;36;201947742_meteon-vdp_outline_205.pdf;1
L2151;London Grey ;537;201947742_meteon-vdp_outline_206.pdf;1
L2151;London Grey ;1614;201947742_meteon-vdp_outline_207.pdf;1
L2581;New York Grey;11;201947742_meteon-vdp_outline_208.pdf;1
L2581;New York Grey;675;201947742_meteon-vdp_outline_209.pdf;1
L2581;New York Grey;561;201947742_meteon-vdp_outline_210.pdf;1
L2581;New York Grey;690;201947742_meteon-vdp_outline_211.pdf;1
L9000;Metropolis Black ;142;201947742_meteon-vdp_outline_212.pdf;1
L9000;Metropolis Black ;650;201947742_meteon-vdp_outline_213.pdf;1
L9000;Metropolis Black ;33;201947742_meteon-vdp_outline_214.pdf;1
L9000;Metropolis Black ;970;201947742_meteon-vdp_outline_215.pdf;1
L9000;Metropolis Black ;345;201947742_meteon-vdp_outline_216.pdf;1
LM0561;Roman Bronze ;103;201947742_meteon-vdp_outline_217.pdf;1
LM0561;Roman Bronze ;27;201947742_meteon-vdp_outline_218.pdf;1
LM0561;Roman Bronze ;193;201947742_meteon-vdp_outline_219.pdf;1
LM0561;Roman Bronze ;137;201947742_meteon-vdp_outline_220.pdf;1
LM0561;Roman Bronze ;56;201947742_meteon-vdp_outline_221.pdf;1
LM0641;China Gold ;63;201947742_meteon-vdp_outline_222.pdf;1
LM0641;China Gold ;95;201947742_meteon-vdp_outline_223.pdf;1
LM0641;China Gold ;146;201947742_meteon-vdp_outline_224.pdf;1
LM0641;China Gold ;55;201947742_meteon-vdp_outline_225.pdf;1
LM0641;China Gold ;96;201947742_meteon-vdp_outline_226.pdf;1
LM0641;China Gold ;112;201947742_meteon-vdp_outline_227.pdf;1
LM1055;Persian Copper ;67;201947742_meteon-vdp_outline_228.pdf;1
LM1055;Persian Copper ;55;201947742_meteon-vdp_outline_229.pdf;1
LM1055;Persian Copper ;110;201947742_meteon-vdp_outline_230.pdf;1
LM1055;Persian Copper ;121;201947742_meteon-vdp_outline_231.pdf;1
LM2181;Siberian Platinum ;33;201947742_meteon-vdp_outline_232.pdf;1
LM2181;Siberian Platinum ;274;201947742_meteon-vdp_outline_233.pdf;1
LM2181;Siberian Platinum ;85;201947742_meteon-vdp_outline_234.pdf;1
LM2181;Siberian Platinum ;115;201947742_meteon-vdp_outline_235.pdf;1
LM2181;Siberian Platinum ;165;201947742_meteon-vdp_outline_236.pdf;1
LM5101;Paris Silver ;128;201947742_meteon-vdp_outline_237.pdf;1
LM5101;Paris Silver ;99;201947742_meteon-vdp_outline_238.pdf;1
LM5101;Paris Silver ;580;201947742_meteon-vdp_outline_239.pdf;1
LM5101;Paris Silver ;192;201947742_meteon-vdp_outline_240.pdf;1
LM5101;Paris Silver ;77;201947742_meteon-vdp_outline_241.pdf;1
LM5101;Paris Silver ;198;201947742_meteon-vdp_outline_242.pdf;1
LM5101;Paris Silver ;84;201947742_meteon-vdp_outline_243.pdf;1
LM5101;Paris Silver ;161;201947742_meteon-vdp_outline_244.pdf;1
LM5101;Paris Silver ;16;201947742_meteon-vdp_outline_245.pdf;1
LM5101;Paris Silver ;1511;201947742_meteon-vdp_outline_246.pdf;3
LM5101;Paris Silver ;1511;201947742_meteon-vdp_outline_246.pdf;3
LM5101;Paris Silver ;1511;201947742_meteon-vdp_outline_246.pdf;3
P12.6.3;Wine Red;182;201947742_meteon-vdp_outline_247.pdf;1
P28.2.1;Aquamarine;293;201947742_meteon-vdp_outline_248.pdf;1
PU17;Aged Ash;1101;201947742_meteon-vdp_outline_249.pdf;1
PU24;Mystic Cedar;316;201947742_meteon-vdp_outline_250.pdf;1
PU30;Tropical Ipe;1381;201947742_meteon-vdp_outline_251.pdf;1
5004;Black Blue;1848;201947742_meteon-vdp_outline_252.pdf;1
6009;Fir Green;604;201947742_meteon-vdp_outline_253.pdf;1
7016;Anthracite Grey;47;201947742_meteon-vdp_outline_254.pdf;1
7021;Black Grey;1507;201947742_meteon-vdp_outline_255.pdf;1
7030;Stone Grey;637;201947742_meteon-vdp_outline_256.pdf;1
7037;Dusty grey;273;201947742_meteon-vdp_outline_257.pdf;1
9001;Cream;328;201947742_meteon-vdp_outline_258.pdf;1
9005;Jet Black;44;201947742_meteon-vdp_outline_259.pdf;1
E0-00;White ;64;201947742_TOPLAB-vdp_outline_1.pdf;1
E0-07;Slate Grey;106;201947742_TOPLAB-vdp_outline_2.pdf;1
E17-32;Powder Blue;289;201947742_TOPLAB-vdp_outline_3.pdf;1
E17-82;Deep Blue;312;201947742_TOPLAB-vdp_outline_4.pdf;1
E20-12;Aquamarine ;147;201947742_TOPLAB-vdp_outline_5.pdf;1
S17-82;Speckle Deep Blue;326;201947742_TOPLAB-vdp_outline_6.pdf;1
S25-01;Speckle Icey Blue;60;201947742_TOPLAB-vdp_outline_7.pdf;1
S3-01;Speckle Sand;9;201947742_TOPLAB-vdp_outline_8.pdf;1
W20;Bleached Pine;150;201947742_TOPLAB-vdp_outline_9.pdf;1
W27;Denever Oak;166;201947742_TOPLAB-vdp_outline_10.pdf;1
W7103;Silver Maple;300;201947742_TOPLAB-vdp_outline_11.pdf;1
T70.0.0;Slate Grey - black core;100;201947742_TOPLAB-vdp_outline_12.pdf;1
T70.0.0;Slate Grey - grey core;1430;201947742_TOPLAB-vdp_outline_13.pdf;1
T90.0.0;Black;9;201947742_TOPLAB-vdp_outline_14.pdf;1
K03.0.0;White ;44;201947742_TOPLAB-vdp_outline_15.pdf;1
K04.0.5;Zinc Yellow;542;201947742_TOPLAB-vdp_outline_16.pdf;1
K10.1.8;Red Orange;413;201947742_TOPLAB-vdp_outline_17.pdf;1
K10.4.5;Sienna Brown;474;201947742_TOPLAB-vdp_outline_18.pdf;1
K21.5.4;Cobalt Blue;447;201947742_TOPLAB-vdp_outline_19.pdf;1
K22.2.4;Powder blue;333;201947742_TOPLAB-vdp_outline_20.pdf;1
K28.2.1;Aquamarine ;440;201947742_TOPLAB-vdp_outline_21.pdf;1
K37.0.8;Lime Green;322;201947742_TOPLAB-vdp_outline_22.pdf;1
K90.0.0;Black ;358;201947742_TOPLAB-vdp_outline_23.pdf;1
