;Colorcode;color;aantal;beeld;vv
0;A03.4.0;Silver Grey;64;201947742_meteon-vdp_outline_1.pdf;1
1;A03.4.0;Silver Grey;645;201947742_meteon-vdp_outline_2.pdf;1
2;A04.0.1;Pearl Yellow;310;201947742_meteon-vdp_outline_3.pdf;1
3;A04.0.1;Pearl Yellow;936;201947742_meteon-vdp_outline_4.pdf;1
4;A04.0.5;Zinc Yellow;267;201947742_meteon-vdp_outline_5.pdf;1
5;A04.1.7;Gold Yellow;27;201947742_meteon-vdp_outline_6.pdf;1
6;A05.0.0;Pure White;339;201947742_meteon-vdp_outline_7.pdf;1
7;A05.1.1;Stone Beige;690;201947742_meteon-vdp_outline_8.pdf;1
8;A05.1.2;Champagne;148;201947742_meteon-vdp_outline_9.pdf;1
9;A05.1.2;Champagne;310;201947742_meteon-vdp_outline_10.pdf;1
10;A05.1.4;Sun Yellow;615;201947742_meteon-vdp_outline_11.pdf;1
11;A05.5.0;Quartz Grey;613;201947742_meteon-vdp_outline_12.pdf;1
12;A06.3.5;Ochre;1015;201947742_meteon-vdp_outline_13.pdf;1
13;A06.5.1;Toscana Greige;1015;201947742_meteon-vdp_outline_14.pdf;1
