Colorcode,beeld,aantal
A03.4.0 voorbeeld klant,201947742_meteon-vdp_outline_1.pdf,5
A03.4.0 voorbeeld klant,201947742_meteon-vdp_outline_2.pdf,5
A04.0.1 voorbeeld klant,201947742_meteon-vdp_outline_3.pdf,5
A04.0.1 voorbeeld klant,201947742_meteon-vdp_outline_4.pdf,5
A04.0.5 voorbeeld klant,201947742_meteon-vdp_outline_5.pdf,5
A04.1.7 voorbeeld klant,201947742_meteon-vdp_outline_6.pdf,5
A05.0.0 voorbeeld klant,201947742_meteon-vdp_outline_7.pdf,5
A05.1.1 voorbeeld klant,201947742_meteon-vdp_outline_8.pdf,5
A05.1.2 voorbeeld klant,201947742_meteon-vdp_outline_9.pdf,5
A05.1.2 voorbeeld klant,201947742_meteon-vdp_outline_10.pdf,5
A05.1.4 voorbeeld klant,201947742_meteon-vdp_outline_11.pdf,5
A05.5.0 voorbeeld klant,201947742_meteon-vdp_outline_12.pdf,5
A06.3.5 voorbeeld klant,201947742_meteon-vdp_outline_13.pdf,5
A06.5.1 voorbeeld klant,201947742_meteon-vdp_outline_14.pdf,5
A06.5.1 voorbeeld klant,201947742_meteon-vdp_outline_15.pdf,5
A06.7.1 voorbeeld klant,201947742_meteon-vdp_outline_16.pdf,5
A06.7.1 voorbeeld klant,201947742_meteon-vdp_outline_17.pdf,5
A08.2.1 voorbeeld klant,201947742_meteon-vdp_outline_18.pdf,5
A08.3.1 voorbeeld klant,201947742_meteon-vdp_outline_19.pdf,5
A08.4.5 voorbeeld klant,201947742_meteon-vdp_outline_20.pdf,5
A08.8.1 voorbeeld klant,201947742_meteon-vdp_outline_21.pdf,5
A09.6.4 voorbeeld klant,201947742_meteon-vdp_outline_22.pdf,5
A10.3.4 voorbeeld klant,201947742_meteon-vdp_outline_23.pdf,5
A10.4.5 voorbeeld klant,201947742_meteon-vdp_outline_24.pdf,5
A10.6.1 voorbeeld klant,201947742_meteon-vdp_outline_25.pdf,5
A12.1.8 voorbeeld klant,201947742_meteon-vdp_outline_26.pdf,5
A12.3.7 voorbeeld klant,201947742_meteon-vdp_outline_27.pdf,5
A12.3.7 voorbeeld klant,201947742_meteon-vdp_outline_28.pdf,5
A12.6.3 voorbeeld klant,201947742_meteon-vdp_outline_29.pdf,5
A14.7.2 voorbeeld klant,201947742_meteon-vdp_outline_30.pdf,5
A16.5.1 voorbeeld klant,201947742_meteon-vdp_outline_31.pdf,5
A17.3.5 voorbeeld klant,201947742_meteon-vdp_outline_32.pdf,5
A17.3.5 voorbeeld klant,201947742_meteon-vdp_outline_33.pdf,5
A20.2.3 voorbeeld klant,201947742_meteon-vdp_outline_34.pdf,5
A20.7.2 voorbeeld klant,201947742_meteon-vdp_outline_35.pdf,5
A21.5.1 voorbeeld klant,201947742_meteon-vdp_outline_36.pdf,5
A21.7.0 voorbeeld klant,201947742_meteon-vdp_outline_37.pdf,5
A22.1.6 voorbeeld klant,201947742_meteon-vdp_outline_38.pdf,5
A22.2.1 voorbeeld klant,201947742_meteon-vdp_outline_39.pdf,5
A22.2.1 voorbeeld klant,201947742_meteon-vdp_outline_40.pdf,5
A22.3.1 voorbeeld klant,201947742_meteon-vdp_outline_41.pdf,5
A22.3.1 voorbeeld klant,201947742_meteon-vdp_outline_42.pdf,5
A22.4.4 voorbeeld klant,201947742_meteon-vdp_outline_43.pdf,5
A22.6.2 voorbeeld klant,201947742_meteon-vdp_outline_44.pdf,5
A23.0.4 voorbeeld klant,201947742_meteon-vdp_outline_45.pdf,5
A25.8.1 voorbeeld klant,201947742_meteon-vdp_outline_46.pdf,5
A26.5.4 voorbeeld klant,201947742_meteon-vdp_outline_47.pdf,5
A26.5.4 voorbeeld klant,201947742_meteon-vdp_outline_48.pdf,5
A28.2.1 voorbeeld klant,201947742_meteon-vdp_outline_49.pdf,5
A28.6.2 voorbeeld klant,201947742_meteon-vdp_outline_50.pdf,5
A28.6.2 voorbeeld klant,201947742_meteon-vdp_outline_51.pdf,5
A30.3.2 voorbeeld klant,201947742_meteon-vdp_outline_52.pdf,5
A32.2.1 voorbeeld klant,201947742_meteon-vdp_outline_53.pdf,5
A32.2.1 voorbeeld klant,201947742_meteon-vdp_outline_54.pdf,5
A32.2.1 voorbeeld klant,201947742_meteon-vdp_outline_55.pdf,5
A32.7.2 voorbeeld klant,201947742_meteon-vdp_outline_56.pdf,5
A34.8.1 voorbeeld klant,201947742_meteon-vdp_outline_57.pdf,5
A34.8.1 voorbeeld klant,201947742_meteon-vdp_outline_58.pdf,5
A35.4.0 voorbeeld klant,201947742_meteon-vdp_outline_59.pdf,5
A35.4.0 voorbeeld klant,201947742_meteon-vdp_outline_60.pdf,5
A37.0.8 voorbeeld klant,201947742_meteon-vdp_outline_61.pdf,5
A37.2.3 voorbeeld klant,201947742_meteon-vdp_outline_62.pdf,5
A37.2.3 voorbeeld klant,201947742_meteon-vdp_outline_63.pdf,5
A41.0.6 voorbeeld klant,201947742_meteon-vdp_outline_64.pdf,5
A41.0.6 voorbeeld klant,201947742_meteon-vdp_outline_65.pdf,5
A41.0.6 voorbeeld klant,201947742_meteon-vdp_outline_66.pdf,5
NW02 voorbeeld klant,201947742_meteon-vdp_outline_67.pdf,5
NW03 voorbeeld klant,201947742_meteon-vdp_outline_68.pdf,5
NW04 voorbeeld klant,201947742_meteon-vdp_outline_69.pdf,5
NW04 voorbeeld klant,201947742_meteon-vdp_outline_70.pdf,5
NW04 voorbeeld klant,201947742_meteon-vdp_outline_71.pdf,5
NW04 voorbeeld klant,201947742_meteon-vdp_outline_72.pdf,5
NW04 voorbeeld klant,201947742_meteon-vdp_outline_73.pdf,5
NW06 voorbeeld klant,201947742_meteon-vdp_outline_74.pdf,5
NW06 voorbeeld klant,201947742_meteon-vdp_outline_75.pdf,5
NW07 voorbeeld klant,201947742_meteon-vdp_outline_76.pdf,5
NW07 voorbeeld klant,201947742_meteon-vdp_outline_77.pdf,5
NW08 voorbeeld klant,201947742_meteon-vdp_outline_78.pdf,5
NW08 voorbeeld klant,201947742_meteon-vdp_outline_79.pdf,5
NW08 voorbeeld klant,201947742_meteon-vdp_outline_80.pdf,5
NW09 voorbeeld klant,201947742_meteon-vdp_outline_81.pdf,5
NW09 voorbeeld klant,201947742_meteon-vdp_outline_82.pdf,5
NW09 voorbeeld klant,201947742_meteon-vdp_outline_83.pdf,5
NW09 voorbeeld klant,201947742_meteon-vdp_outline_84.pdf,5
NW09 voorbeeld klant,201947742_meteon-vdp_outline_85.pdf,5
NW11 voorbeeld klant,201947742_meteon-vdp_outline_86.pdf,5
NW12 voorbeeld klant,201947742_meteon-vdp_outline_87.pdf,5
NW13 voorbeeld klant,201947742_meteon-vdp_outline_88.pdf,5
NW13 voorbeeld klant,201947742_meteon-vdp_outline_89.pdf,5
NW14 voorbeeld klant,201947742_meteon-vdp_outline_90.pdf,5
NW14 voorbeeld klant,201947742_meteon-vdp_outline_91.pdf,5
NW14 voorbeeld klant,201947742_meteon-vdp_outline_92.pdf,5
NW15 voorbeeld klant,201947742_meteon-vdp_outline_93.pdf,5
NW16 voorbeeld klant,201947742_meteon-vdp_outline_94.pdf,5
NW17 voorbeeld klant,201947742_meteon-vdp_outline_95.pdf,5
NW17 voorbeeld klant,201947742_meteon-vdp_outline_96.pdf,5
NW17 voorbeeld klant,201947742_meteon-vdp_outline_97.pdf,5
NW19 voorbeeld klant,201947742_meteon-vdp_outline_98.pdf,5
NW22 voorbeeld klant,201947742_meteon-vdp_outline_99.pdf,5
NW22 voorbeeld klant,201947742_meteon-vdp_outline_100.pdf,5
NW22 voorbeeld klant,201947742_meteon-vdp_outline_101.pdf,5
NW23 voorbeeld klant,201947742_meteon-vdp_outline_102.pdf,5
NW23 voorbeeld klant,201947742_meteon-vdp_outline_103.pdf,5
NW23 voorbeeld klant,201947742_meteon-vdp_outline_104.pdf,5
NW23 voorbeeld klant,201947742_meteon-vdp_outline_105.pdf,5
NW23 voorbeeld klant,201947742_meteon-vdp_outline_106.pdf,5
NW24 voorbeeld klant,201947742_meteon-vdp_outline_107.pdf,5
NW24 voorbeeld klant,201947742_meteon-vdp_outline_108.pdf,5
NW25 voorbeeld klant,201947742_meteon-vdp_outline_109.pdf,5
NW26 voorbeeld klant,201947742_meteon-vdp_outline_110.pdf,5
NW27 voorbeeld klant,201947742_meteon-vdp_outline_111.pdf,5
NW27 voorbeeld klant,201947742_meteon-vdp_outline_112.pdf,5
NW28 voorbeeld klant,201947742_meteon-vdp_outline_113.pdf,5
NW29 voorbeeld klant,201947742_meteon-vdp_outline_114.pdf,5
NA11 voorbeeld klant,201947742_meteon-vdp_outline_115.pdf,5
NA11 voorbeeld klant,201947742_meteon-vdp_outline_116.pdf,5
NA11 voorbeeld klant,201947742_meteon-vdp_outline_117.pdf,5
NA11 voorbeeld klant,201947742_meteon-vdp_outline_118.pdf,5
NA12 voorbeeld klant,201947742_meteon-vdp_outline_119.pdf,5
NA12 voorbeeld klant,201947742_meteon-vdp_outline_120.pdf,5
NA12 voorbeeld klant,201947742_meteon-vdp_outline_121.pdf,5
NA13 voorbeeld klant,201947742_meteon-vdp_outline_122.pdf,5
NA13 voorbeeld klant,201947742_meteon-vdp_outline_123.pdf,5
NA13 voorbeeld klant,201947742_meteon-vdp_outline_124.pdf,5
NA14 voorbeeld klant,201947742_meteon-vdp_outline_125.pdf,5
NA14 voorbeeld klant,201947742_meteon-vdp_outline_126.pdf,5
NA14 voorbeeld klant,201947742_meteon-vdp_outline_127.pdf,5
NA14 voorbeeld klant,201947742_meteon-vdp_outline_128.pdf,5
NA15 voorbeeld klant,201947742_meteon-vdp_outline_129.pdf,5
NA15 voorbeeld klant,201947742_meteon-vdp_outline_130.pdf,5
NA15 voorbeeld klant,201947742_meteon-vdp_outline_131.pdf,5
NA16 voorbeeld klant,201947742_meteon-vdp_outline_132.pdf,5
NA16 voorbeeld klant,201947742_meteon-vdp_outline_133.pdf,5
NA16 voorbeeld klant,201947742_meteon-vdp_outline_134.pdf,5
NA16 voorbeeld klant,201947742_meteon-vdp_outline_135.pdf,5
NA17 voorbeeld klant,201947742_meteon-vdp_outline_136.pdf,5
NA17 voorbeeld klant,201947742_meteon-vdp_outline_137.pdf,5
NA17 voorbeeld klant,201947742_meteon-vdp_outline_138.pdf,5
NA19 voorbeeld klant,201947742_meteon-vdp_outline_139.pdf,5
NM02 voorbeeld klant,201947742_meteon-vdp_outline_140.pdf,5
NM02 voorbeeld klant,201947742_meteon-vdp_outline_141.pdf,5
NM03 voorbeeld klant,201947742_meteon-vdp_outline_142.pdf,5
NM04 voorbeeld klant,201947742_meteon-vdp_outline_143.pdf,5
NM04 voorbeeld klant,201947742_meteon-vdp_outline_144.pdf,5
NM05 voorbeeld klant,201947742_meteon-vdp_outline_145.pdf,5
NM05 voorbeeld klant,201947742_meteon-vdp_outline_146.pdf,5
NM05 voorbeeld klant,201947742_meteon-vdp_outline_147.pdf,5
NM06 voorbeeld klant,201947742_meteon-vdp_outline_148.pdf,5
NM06 voorbeeld klant,201947742_meteon-vdp_outline_149.pdf,5
NM07 voorbeeld klant,201947742_meteon-vdp_outline_150.pdf,5
NM07 voorbeeld klant,201947742_meteon-vdp_outline_151.pdf,5
NM08 voorbeeld klant,201947742_meteon-vdp_outline_152.pdf,5
M04.4.1 voorbeeld klant,201947742_meteon-vdp_outline_153.pdf,5
M05.5.1 voorbeeld klant,201947742_meteon-vdp_outline_154.pdf,5
M05.5.1 voorbeeld klant,201947742_meteon-vdp_outline_155.pdf,5
M05.6.1 voorbeeld klant,201947742_meteon-vdp_outline_156.pdf,5
M05.6.1 voorbeeld klant,201947742_meteon-vdp_outline_157.pdf,5
M06.4.1 voorbeeld klant,201947742_meteon-vdp_outline_158.pdf,5
M06.4.1 voorbeeld klant,201947742_meteon-vdp_outline_159.pdf,5
M10.5.5 voorbeeld klant,201947742_meteon-vdp_outline_160.pdf,5
M10.5.5 voorbeeld klant,201947742_meteon-vdp_outline_161.pdf,5
M21.3.4 voorbeeld klant,201947742_meteon-vdp_outline_162.pdf,5
M21.8.1 voorbeeld klant,201947742_meteon-vdp_outline_163.pdf,5
M35.7.1 voorbeeld klant,201947742_meteon-vdp_outline_164.pdf,5
M53.0.2 voorbeeld klant,201947742_meteon-vdp_outline_165.pdf,5
M53.0.2 voorbeeld klant,201947742_meteon-vdp_outline_166.pdf,5
C08.03 voorbeeld klant,201947742_meteon-vdp_outline_167.pdf,5
C08.21 voorbeeld klant,201947742_meteon-vdp_outline_168.pdf,5
C08.25 voorbeeld klant,201947742_meteon-vdp_outline_169.pdf,5
C08.25 voorbeeld klant,201947742_meteon-vdp_outline_170.pdf,5
CM05.04 voorbeeld klant,201947742_meteon-vdp_outline_171.pdf,5
CM05.21 voorbeeld klant,201947742_meteon-vdp_outline_172.pdf,5
CM05.25 voorbeeld klant,201947742_meteon-vdp_outline_173.pdf,5
CM05.25 voorbeeld klant,201947742_meteon-vdp_outline_174.pdf,5
CM05.25 voorbeeld klant,201947742_meteon-vdp_outline_175.pdf,5
CM06.25 voorbeeld klant,201947742_meteon-vdp_outline_176.pdf,5
CM09.03 voorbeeld klant,201947742_meteon-vdp_outline_177.pdf,5
CM09.03 voorbeeld klant,201947742_meteon-vdp_outline_178.pdf,5
CM09.06 voorbeeld klant,201947742_meteon-vdp_outline_179.pdf,5
CM09.06 voorbeeld klant,201947742_meteon-vdp_outline_180.pdf,5
CM09.06 voorbeeld klant,201947742_meteon-vdp_outline_181.pdf,5
CM09.51 voorbeeld klant,201947742_meteon-vdp_outline_182.pdf,5
L0500 voorbeeld klant,201947742_meteon-vdp_outline_183.pdf,5
L0500 voorbeeld klant,201947742_meteon-vdp_outline_184.pdf,5
L0500 voorbeeld klant,201947742_meteon-vdp_outline_185.pdf,5
L0500 voorbeeld klant,201947742_meteon-vdp_outline_186.pdf,5
L0500 voorbeeld klant,201947742_meteon-vdp_outline_187.pdf,5
L0651 voorbeeld klant,201947742_meteon-vdp_outline_188.pdf,5
L0651 voorbeeld klant,201947742_meteon-vdp_outline_189.pdf,5
L0651 voorbeeld klant,201947742_meteon-vdp_outline_190.pdf,5
L0651 voorbeeld klant,201947742_meteon-vdp_outline_191.pdf,5
L0651 voorbeeld klant,201947742_meteon-vdp_outline_192.pdf,5
L0651 voorbeeld klant,201947742_meteon-vdp_outline_193.pdf,5
L0651 voorbeeld klant,201947742_meteon-vdp_outline_194.pdf,5
L0964 voorbeeld klant,201947742_meteon-vdp_outline_195.pdf,5
L0964 voorbeeld klant,201947742_meteon-vdp_outline_196.pdf,5
L0964 voorbeeld klant,201947742_meteon-vdp_outline_197.pdf,5
L0964 voorbeeld klant,201947742_meteon-vdp_outline_198.pdf,5
L0964 voorbeeld klant,201947742_meteon-vdp_outline_199.pdf,5
L0964 voorbeeld klant,201947742_meteon-vdp_outline_200.pdf,5
L2151 voorbeeld klant,201947742_meteon-vdp_outline_201.pdf,5
L2151 voorbeeld klant,201947742_meteon-vdp_outline_202.pdf,5
L2151 voorbeeld klant,201947742_meteon-vdp_outline_203.pdf,5
L2151 voorbeeld klant,201947742_meteon-vdp_outline_204.pdf,5
L2151 voorbeeld klant,201947742_meteon-vdp_outline_205.pdf,5
L2151 voorbeeld klant,201947742_meteon-vdp_outline_206.pdf,5
L2151 voorbeeld klant,201947742_meteon-vdp_outline_207.pdf,5
L2581 voorbeeld klant,201947742_meteon-vdp_outline_208.pdf,5
L2581 voorbeeld klant,201947742_meteon-vdp_outline_209.pdf,5
L2581 voorbeeld klant,201947742_meteon-vdp_outline_210.pdf,5
L2581 voorbeeld klant,201947742_meteon-vdp_outline_211.pdf,5
L9000 voorbeeld klant,201947742_meteon-vdp_outline_212.pdf,5
L9000 voorbeeld klant,201947742_meteon-vdp_outline_213.pdf,5
L9000 voorbeeld klant,201947742_meteon-vdp_outline_214.pdf,5
L9000 voorbeeld klant,201947742_meteon-vdp_outline_215.pdf,5
L9000 voorbeeld klant,201947742_meteon-vdp_outline_216.pdf,5
LM0561 voorbeeld klant,201947742_meteon-vdp_outline_217.pdf,5
LM0561 voorbeeld klant,201947742_meteon-vdp_outline_218.pdf,5
LM0561 voorbeeld klant,201947742_meteon-vdp_outline_219.pdf,5
LM0561 voorbeeld klant,201947742_meteon-vdp_outline_220.pdf,5
LM0561 voorbeeld klant,201947742_meteon-vdp_outline_221.pdf,5
LM0641 voorbeeld klant,201947742_meteon-vdp_outline_222.pdf,5
LM0641 voorbeeld klant,201947742_meteon-vdp_outline_223.pdf,5
LM0641 voorbeeld klant,201947742_meteon-vdp_outline_224.pdf,5
LM0641 voorbeeld klant,201947742_meteon-vdp_outline_225.pdf,5
LM0641 voorbeeld klant,201947742_meteon-vdp_outline_226.pdf,5
LM0641 voorbeeld klant,201947742_meteon-vdp_outline_227.pdf,5
LM1055 voorbeeld klant,201947742_meteon-vdp_outline_228.pdf,5
LM1055 voorbeeld klant,201947742_meteon-vdp_outline_229.pdf,5
LM1055 voorbeeld klant,201947742_meteon-vdp_outline_230.pdf,5
LM1055 voorbeeld klant,201947742_meteon-vdp_outline_231.pdf,5
LM2181 voorbeeld klant,201947742_meteon-vdp_outline_232.pdf,5
LM2181 voorbeeld klant,201947742_meteon-vdp_outline_233.pdf,5
LM2181 voorbeeld klant,201947742_meteon-vdp_outline_234.pdf,5
LM2181 voorbeeld klant,201947742_meteon-vdp_outline_235.pdf,5
LM2181 voorbeeld klant,201947742_meteon-vdp_outline_236.pdf,5
LM5101 voorbeeld klant,201947742_meteon-vdp_outline_237.pdf,5
LM5101 voorbeeld klant,201947742_meteon-vdp_outline_238.pdf,5
LM5101 voorbeeld klant,201947742_meteon-vdp_outline_239.pdf,5
LM5101 voorbeeld klant,201947742_meteon-vdp_outline_240.pdf,5
LM5101 voorbeeld klant,201947742_meteon-vdp_outline_241.pdf,5
LM5101 voorbeeld klant,201947742_meteon-vdp_outline_242.pdf,5
LM5101 voorbeeld klant,201947742_meteon-vdp_outline_243.pdf,5
LM5101 voorbeeld klant,201947742_meteon-vdp_outline_244.pdf,5
LM5101 voorbeeld klant,201947742_meteon-vdp_outline_245.pdf,5
LM5101 voorbeeld klant,201947742_meteon-vdp_outline_246.pdf,5
P12.6.3 voorbeeld klant,201947742_meteon-vdp_outline_247.pdf,5
P28.2.1 voorbeeld klant,201947742_meteon-vdp_outline_248.pdf,5
PU17 voorbeeld klant,201947742_meteon-vdp_outline_249.pdf,5
PU24 voorbeeld klant,201947742_meteon-vdp_outline_250.pdf,5
PU30 voorbeeld klant,201947742_meteon-vdp_outline_251.pdf,5
5004 voorbeeld klant,201947742_meteon-vdp_outline_252.pdf,5
6009 voorbeeld klant,201947742_meteon-vdp_outline_253.pdf,5
7016 voorbeeld klant,201947742_meteon-vdp_outline_254.pdf,5
7021 voorbeeld klant,201947742_meteon-vdp_outline_255.pdf,5
7030 voorbeeld klant,201947742_meteon-vdp_outline_256.pdf,5
7037 voorbeeld klant,201947742_meteon-vdp_outline_257.pdf,5
9001 voorbeeld klant,201947742_meteon-vdp_outline_258.pdf,5
9005 voorbeeld klant,201947742_meteon-vdp_outline_259.pdf,5
E0-00 voorbeeld klant,201947742_TOPLAB-vdp_outline_1.pdf,5
E0-07 voorbeeld klant,201947742_TOPLAB-vdp_outline_2.pdf,5
E17-32 voorbeeld klant,201947742_TOPLAB-vdp_outline_3.pdf,5
E17-82 voorbeeld klant,201947742_TOPLAB-vdp_outline_4.pdf,5
E20-12 voorbeeld klant,201947742_TOPLAB-vdp_outline_5.pdf,5
S17-82 voorbeeld klant,201947742_TOPLAB-vdp_outline_6.pdf,5
S25-01 voorbeeld klant,201947742_TOPLAB-vdp_outline_7.pdf,5
S3-01 voorbeeld klant,201947742_TOPLAB-vdp_outline_8.pdf,5
W20 voorbeeld klant,201947742_TOPLAB-vdp_outline_9.pdf,5
W27 voorbeeld klant,201947742_TOPLAB-vdp_outline_10.pdf,5
W7103 voorbeeld klant,201947742_TOPLAB-vdp_outline_11.pdf,5
T70.0.0 voorbeeld klant,201947742_TOPLAB-vdp_outline_12.pdf,5
T70.0.0 voorbeeld klant,201947742_TOPLAB-vdp_outline_13.pdf,5
T90.0.0 voorbeeld klant,201947742_TOPLAB-vdp_outline_14.pdf,5
K03.0.0 voorbeeld klant,201947742_TOPLAB-vdp_outline_15.pdf,5
K04.0.5 voorbeeld klant,201947742_TOPLAB-vdp_outline_16.pdf,5
K10.1.8 voorbeeld klant,201947742_TOPLAB-vdp_outline_17.pdf,5
K10.4.5 voorbeeld klant,201947742_TOPLAB-vdp_outline_18.pdf,5
K21.5.4 voorbeeld klant,201947742_TOPLAB-vdp_outline_19.pdf,5
K22.2.4 voorbeeld klant,201947742_TOPLAB-vdp_outline_20.pdf,5
K28.2.1 voorbeeld klant,201947742_TOPLAB-vdp_outline_21.pdf,5
K37.0.8 voorbeeld klant,201947742_TOPLAB-vdp_outline_22.pdf,5
K90.0.0 voorbeeld klant,201947742_TOPLAB-vdp_outline_23.pdf,5
